﻿"Cube Title","Product Id","CANSIM Id",URL,"Cube Notes","Archive Status",Frequency,"Start Reference Period","End Reference Period","Total number of dimensions"
"Hogs statistics, supply and disposition of hogs, semi-annual","32100200","003-0102","https://www150.statcan.gc.ca/t1/tbl1/en/tv.action?pid=3210020001",1,"CURRENT - a cube available to the public and that is current","Annual","2007-01-01","2022-01-01","3",

"Dimension ID","Dimension name","Dimension Notes","Dimension Definitions"
"1","Geography",,""
"2","Supply and disposition of hogs",,""
"3","Survey date",,""

"Dimension ID","Member Name","Classification Code","Member ID","Parent Member ID",Terminated,"Member Notes","Member Definitions"
"1","Eastern provinces","","2","1","",,
"1","Western provinces","","9","1","",,
"1","Newfoundland and Labrador","[10]","3","2","",,
"1","Prince Edward Island","[11]","4","2","",,
"1","Nova Scotia","[12]","5","2","",,
"1","New Brunswick","[13]","6","2","",,
"1","Quebec","[24]","7","2","",,
"1","Ontario","[35]","8","2","",,
"1","Manitoba","[46]","10","9","",,
"1","Saskatchewan","[47]","11","9","",,
"1","Alberta","[48]","12","9","",,
"1","British Columbia","[59]","13","9","",,
"1","Canada","[11124]","1","","",,
"2","Beginning inventory of hogs","","2","1","",2;3,
"2","Pig crop","","3","1","",4,
"2","Interprovincial imports of hogs","","4","1","",7,
"2","International imports of hogs","","5","1","",,
"2","International exports of hogs","","8","6","",,
"2","Deaths and condemnations of hogs","","9","6","",,
"2","Interprovincial exports of hogs","","7","6","",7,
"2","Other disposition of hogs","","10","6","",5,
"2","Total supply of hogs","","1","","",,
"2","Total disposition of hogs","","6","","",,
"2","Ending inventory of hogs","","11","","",2;6,
"3","January to June","","1","","",,
"3","July to December","","2","","",,

Symbol Legend
Description,Symbol
"not available for a specific reference period","..",
"less than the limit of detection","<LOD",
"value rounded to 0 (zero) where there is a meaningful distinction between true zero and the value that was rounded","0s",
"data quality: excellent","A",
"data quality: very good","B",
"data quality: good","C",
"data quality: acceptable","D",
"use with caution","E",
"too unreliable to be published","F",
"not applicable","...",
"preliminary","p",
"revised","r",
"suppressed to meet the confidentiality requirements of the Statistics Act","x",
"terminated","t",

"Survey Code","Survey Name"
"3460","Livestock Survey"

"Subject Code","Subject Name"
"32","Agriculture and food"

"Note ID",Note
1,"Historical quarterly data are available in the archived table 32-10-0337."
2,"Inventories can also be found in table 32-10-0160."
3,"January to June, the beginning inventory is dated January 1.  July to December, the beginning inventory is dated July 1."
4,"The pig crop represents the number of live piglets after weaning."
5,"Other disposition principally represents slaughter on a province of origin basis and may include hogs destined for export; varies by province."
6,"January to June, the ending inventory is dated July 1. July to December, the ending inventory is dated January 1 of the following year."
7,"Beginning in January to June 2017, estimates of interprovincial movements are derived from PigTRACE data and have been adjusted using random tabular adjustment, to protect respondent confidentiality. A quality measure (A, B, C, D, or E) has been assigned to the estimate to indicate the degree of confidence users can have in its accuracy."

"Correction ID","Correction Date","Correction Note"
