DGUID,"Asparagus, producing (m2)",Beets (m2),Broccoli (m2),Brussels sprouts (m2),"Cabbage, regular (m2)",Carrots (m2),Cauliflower (m2),Celery (m2),Cucumbers (m2),Garlic (m2),Green and wax beans (m2),Green peas (m2),Lettuce (m2),"Onions, dry (m2)",Peppers (m2),Pumpkins (m2),Radishes (m2),Rutabagas and turnips (m2),Spinach (m2),Squash and zucchini (m2),Sweet corn (m2),Tomatoes (m2),year,CD,Sweet corn (Vegetable kg),Sweet corn (Vegetable kg P),Sweet corn (Total kg P),Tomatoes (Vegetable kg),Tomatoes (Vegetable kg P),Tomatoes (Total kg P),Cucumbers (Vegetable kg),Cucumbers (Vegetable kg P),Cucumbers (Total kg P),Green peas (Vegetable kg),Green peas (Vegetable kg P),Green peas (Total kg P),Green and wax beans (Vegetable kg),Green and wax beans (Vegetable kg P),Green and wax beans (Total kg P),"Cabbage, regular (Vegetable kg)","Cabbage, regular (Vegetable kg P)","Cabbage, regular (Total kg P)",Cauliflower (Vegetable kg),Cauliflower (Vegetable kg P),Cauliflower (Total kg P),Broccoli (Vegetable kg),Broccoli (Vegetable kg P),Broccoli (Total kg P),Brussels sprouts (Vegetable kg),Brussels sprouts (Vegetable kg P),Brussels sprouts (Total kg P),Carrots (Vegetable kg),Carrots (Vegetable kg P),Carrots (Total kg P),Rutabagas and turnips (Vegetable kg),Rutabagas and turnips (Vegetable kg P),Rutabagas and turnips (Total kg P),Beets (Vegetable kg),Beets (Vegetable kg P),Beets (Total kg P),Radishes (Vegetable kg),Radishes (Vegetable kg P),Radishes (Total kg P),"Onions, dry (Vegetable kg)","Onions, dry (Vegetable kg P)","Onions, dry (Total kg P)",Garlic (Vegetable kg),Garlic (Vegetable kg P),Garlic (Total kg P),Celery (Vegetable kg),Celery (Vegetable kg P),Celery (Total kg P),Lettuce (Vegetable kg),Lettuce (Vegetable kg P),Lettuce (Total kg P),Spinach (Vegetable kg),Spinach (Vegetable kg P),Spinach (Total kg P),Peppers (Vegetable kg),Peppers (Vegetable kg P),Peppers (Total kg P),Pumpkins (Vegetable kg),Pumpkins (Vegetable kg P),Pumpkins (Total kg P),Squash and zucchini (Vegetable kg),Squash and zucchini (Vegetable kg P),Squash and zucchini (Total kg P),"Asparagus, producing (Vegetable kg)","Asparagus, producing (Vegetable kg P)","Asparagus, producing (Total kg P)"
2021A00032401,0.0,0.0,0.0,0.0,0.0,20000.0,0.0,0.0,0.0,0.0,0.0,0.0,0.0,0.0,0.0,0.0,0.0,10000.0,0.0,0.0,0.0,0.0,2021,2401,0.0,0.0,0.0,0.0,0.0,0.0,0.0,0.0,0.0,0.0,0.0,0.0,0.0,0.0,0.0,0.0,0.0,0.0,0.0,0.0,0.0,0.0,0.0,0.0,0.0,0.0,0.0,68400.0,27.36,27.36,33200.0,18.26,18.26,0.0,0.0,0.0,0.0,0.0,0.0,0.0,0.0,0.0,0.0,0.0,0.0,0.0,0.0,0.0,0.0,0.0,0.0,0.0,0.0,0.0,0.0,0.0,0.0,0.0,0.0,0.0,0.0,0.0,0.0,0.0,0.0,0.0
2021A00032402,0.0,0.0,0.0,0.0,0.0,0.0,0.0,0.0,0.0,0.0,0.0,0.0,0.0,0.0,0.0,0.0,0.0,0.0,0.0,0.0,0.0,0.0,2021,2402,0.0,0.0,0.0,0.0,0.0,0.0,0.0,0.0,0.0,0.0,0.0,0.0,0.0,0.0,0.0,0.0,0.0,0.0,0.0,0.0,0.0,0.0,0.0,0.0,0.0,0.0,0.0,0.0,0.0,0.0,0.0,0.0,0.0,0.0,0.0,0.0,0.0,0.0,0.0,0.0,0.0,0.0,0.0,0.0,0.0,0.0,0.0,0.0,0.0,0.0,0.0,0.0,0.0,0.0,0.0,0.0,0.0,0.0,0.0,0.0,0.0,0.0,0.0,0.0,0.0,0.0
2021A00032403,0.0,0.0,0.0,0.0,0.0,0.0,0.0,0.0,0.0,0.0,0.0,0.0,0.0,0.0,0.0,0.0,0.0,0.0,0.0,0.0,0.0,0.0,2021,2403,0.0,0.0,0.0,0.0,0.0,0.0,0.0,0.0,0.0,0.0,0.0,0.0,0.0,0.0,0.0,0.0,0.0,0.0,0.0,0.0,0.0,0.0,0.0,0.0,0.0,0.0,0.0,0.0,0.0,0.0,0.0,0.0,0.0,0.0,0.0,0.0,0.0,0.0,0.0,0.0,0.0,0.0,0.0,0.0,0.0,0.0,0.0,0.0,0.0,0.0,0.0,0.0,0.0,0.0,0.0,0.0,0.0,0.0,0.0,0.0,0.0,0.0,0.0,0.0,0.0,0.0
2021A00032404,0.0,0.0,0.0,0.0,0.0,0.0,0.0,0.0,0.0,0.0,0.0,0.0,0.0,0.0,0.0,0.0,0.0,0.0,0.0,0.0,0.0,0.0,2021,2404,0.0,0.0,0.0,0.0,0.0,0.0,0.0,0.0,0.0,0.0,0.0,0.0,0.0,0.0,0.0,0.0,0.0,0.0,0.0,0.0,0.0,0.0,0.0,0.0,0.0,0.0,0.0,0.0,0.0,0.0,0.0,0.0,0.0,0.0,0.0,0.0,0.0,0.0,0.0,0.0,0.0,0.0,0.0,0.0,0.0,0.0,0.0,0.0,0.0,0.0,0.0,0.0,0.0,0.0,0.0,0.0,0.0,0.0,0.0,0.0,0.0,0.0,0.0,0.0,0.0,0.0
2021A00032405,0.0,0.0,0.0,0.0,0.0,0.0,0.0,0.0,0.0,0.0,0.0,0.0,0.0,0.0,0.0,0.0,0.0,0.0,0.0,0.0,0.0,0.0,2021,2405,0.0,0.0,0.0,0.0,0.0,0.0,0.0,0.0,0.0,0.0,0.0,0.0,0.0,0.0,0.0,0.0,0.0,0.0,0.0,0.0,0.0,0.0,0.0,0.0,0.0,0.0,0.0,0.0,0.0,0.0,0.0,0.0,0.0,0.0,0.0,0.0,0.0,0.0,0.0,0.0,0.0,0.0,0.0,0.0,0.0,0.0,0.0,0.0,0.0,0.0,0.0,0.0,0.0,0.0,0.0,0.0,0.0,0.0,0.0,0.0,0.0,0.0,0.0,0.0,0.0,0.0
2021A00032406,0.0,0.0,0.0,0.0,0.0,0.0,0.0,0.0,0.0,0.0,0.0,0.0,0.0,0.0,0.0,0.0,0.0,0.0,0.0,0.0,0.0,0.0,2021,2406,0.0,0.0,0.0,0.0,0.0,0.0,0.0,0.0,0.0,0.0,0.0,0.0,0.0,0.0,0.0,0.0,0.0,0.0,0.0,0.0,0.0,0.0,0.0,0.0,0.0,0.0,0.0,0.0,0.0,0.0,0.0,0.0,0.0,0.0,0.0,0.0,0.0,0.0,0.0,0.0,0.0,0.0,0.0,0.0,0.0,0.0,0.0,0.0,0.0,0.0,0.0,0.0,0.0,0.0,0.0,0.0,0.0,0.0,0.0,0.0,0.0,0.0,0.0,0.0,0.0,0.0
2021A00032407,0.0,0.0,0.0,0.0,0.0,0.0,0.0,0.0,0.0,0.0,0.0,0.0,0.0,0.0,0.0,0.0,0.0,0.0,0.0,0.0,0.0,0.0,2021,2407,0.0,0.0,0.0,0.0,0.0,0.0,0.0,0.0,0.0,0.0,0.0,0.0,0.0,0.0,0.0,0.0,0.0,0.0,0.0,0.0,0.0,0.0,0.0,0.0,0.0,0.0,0.0,0.0,0.0,0.0,0.0,0.0,0.0,0.0,0.0,0.0,0.0,0.0,0.0,0.0,0.0,0.0,0.0,0.0,0.0,0.0,0.0,0.0,0.0,0.0,0.0,0.0,0.0,0.0,0.0,0.0,0.0,0.0,0.0,0.0,0.0,0.0,0.0,0.0,0.0,0.0
2021A00032408,0.0,0.0,0.0,0.0,0.0,0.0,0.0,0.0,0.0,0.0,0.0,0.0,0.0,0.0,0.0,0.0,0.0,0.0,0.0,0.0,0.0,20000.0,2021,2408,0.0,0.0,0.0,47200.0,18.88,18.88,0.0,0.0,0.0,0.0,0.0,0.0,0.0,0.0,0.0,0.0,0.0,0.0,0.0,0.0,0.0,0.0,0.0,0.0,0.0,0.0,0.0,0.0,0.0,0.0,0.0,0.0,0.0,0.0,0.0,0.0,0.0,0.0,0.0,0.0,0.0,0.0,0.0,0.0,0.0,0.0,0.0,0.0,0.0,0.0,0.0,0.0,0.0,0.0,0.0,0.0,0.0,0.0,0.0,0.0,0.0,0.0,0.0,0.0,0.0,0.0
2021A00032409,0.0,0.0,0.0,0.0,0.0,0.0,0.0,0.0,0.0,0.0,0.0,0.0,0.0,0.0,0.0,0.0,0.0,0.0,0.0,0.0,0.0,0.0,2021,2409,0.0,0.0,0.0,0.0,0.0,0.0,0.0,0.0,0.0,0.0,0.0,0.0,0.0,0.0,0.0,0.0,0.0,0.0,0.0,0.0,0.0,0.0,0.0,0.0,0.0,0.0,0.0,0.0,0.0,0.0,0.0,0.0,0.0,0.0,0.0,0.0,0.0,0.0,0.0,0.0,0.0,0.0,0.0,0.0,0.0,0.0,0.0,0.0,0.0,0.0,0.0,0.0,0.0,0.0,0.0,0.0,0.0,0.0,0.0,0.0,0.0,0.0,0.0,0.0,0.0,0.0
2021A00032410,0.0,0.0,0.0,0.0,0.0,0.0,0.0,0.0,0.0,0.0,0.0,0.0,0.0,0.0,0.0,0.0,0.0,0.0,0.0,0.0,0.0,0.0,2021,2410,0.0,0.0,0.0,0.0,0.0,0.0,0.0,0.0,0.0,0.0,0.0,0.0,0.0,0.0,0.0,0.0,0.0,0.0,0.0,0.0,0.0,0.0,0.0,0.0,0.0,0.0,0.0,0.0,0.0,0.0,0.0,0.0,0.0,0.0,0.0,0.0,0.0,0.0,0.0,0.0,0.0,0.0,0.0,0.0,0.0,0.0,0.0,0.0,0.0,0.0,0.0,0.0,0.0,0.0,0.0,0.0,0.0,0.0,0.0,0.0,0.0,0.0,0.0,0.0,0.0,0.0
2021A00032411,0.0,0.0,0.0,0.0,0.0,0.0,0.0,0.0,0.0,0.0,0.0,0.0,0.0,0.0,0.0,0.0,0.0,0.0,0.0,0.0,0.0,0.0,2021,2411,0.0,0.0,0.0,0.0,0.0,0.0,0.0,0.0,0.0,0.0,0.0,0.0,0.0,0.0,0.0,0.0,0.0,0.0,0.0,0.0,0.0,0.0,0.0,0.0,0.0,0.0,0.0,0.0,0.0,0.0,0.0,0.0,0.0,0.0,0.0,0.0,0.0,0.0,0.0,0.0,0.0,0.0,0.0,0.0,0.0,0.0,0.0,0.0,0.0,0.0,0.0,0.0,0.0,0.0,0.0,0.0,0.0,0.0,0.0,0.0,0.0,0.0,0.0,0.0,0.0,0.0
2021A00032412,0.0,0.0,0.0,0.0,0.0,0.0,0.0,0.0,0.0,0.0,0.0,0.0,0.0,0.0,0.0,0.0,0.0,0.0,0.0,0.0,0.0,0.0,2021,2412,0.0,0.0,0.0,0.0,0.0,0.0,0.0,0.0,0.0,0.0,0.0,0.0,0.0,0.0,0.0,0.0,0.0,0.0,0.0,0.0,0.0,0.0,0.0,0.0,0.0,0.0,0.0,0.0,0.0,0.0,0.0,0.0,0.0,0.0,0.0,0.0,0.0,0.0,0.0,0.0,0.0,0.0,0.0,0.0,0.0,0.0,0.0,0.0,0.0,0.0,0.0,0.0,0.0,0.0,0.0,0.0,0.0,0.0,0.0,0.0,0.0,0.0,0.0,0.0,0.0,0.0
2021A00032413,0.0,0.0,0.0,0.0,0.0,0.0,0.0,0.0,0.0,0.0,0.0,0.0,0.0,0.0,0.0,0.0,0.0,0.0,0.0,0.0,0.0,0.0,2021,2413,0.0,0.0,0.0,0.0,0.0,0.0,0.0,0.0,0.0,0.0,0.0,0.0,0.0,0.0,0.0,0.0,0.0,0.0,0.0,0.0,0.0,0.0,0.0,0.0,0.0,0.0,0.0,0.0,0.0,0.0,0.0,0.0,0.0,0.0,0.0,0.0,0.0,0.0,0.0,0.0,0.0,0.0,0.0,0.0,0.0,0.0,0.0,0.0,0.0,0.0,0.0,0.0,0.0,0.0,0.0,0.0,0.0,0.0,0.0,0.0,0.0,0.0,0.0,0.0,0.0,0.0
2021A00032414,0.0,0.0,0.0,0.0,0.0,0.0,0.0,10000.0,0.0,0.0,0.0,0.0,0.0,0.0,0.0,0.0,0.0,0.0,0.0,0.0,0.0,0.0,2021,2414,0.0,0.0,0.0,0.0,0.0,0.0,0.0,0.0,0.0,0.0,0.0,0.0,0.0,0.0,0.0,0.0,0.0,0.0,0.0,0.0,0.0,0.0,0.0,0.0,0.0,0.0,0.0,0.0,0.0,0.0,0.0,0.0,0.0,0.0,0.0,0.0,0.0,0.0,0.0,0.0,0.0,0.0,0.0,0.0,0.0,34600.0,31.14,31.14,0.0,0.0,0.0,0.0,0.0,0.0,0.0,0.0,0.0,0.0,0.0,0.0,0.0,0.0,0.0,0.0,0.0,0.0
2021A00032415,0.0,0.0,0.0,0.0,0.0,0.0,0.0,0.0,0.0,0.0,0.0,0.0,0.0,0.0,0.0,0.0,0.0,0.0,0.0,0.0,0.0,0.0,2021,2415,0.0,0.0,0.0,0.0,0.0,0.0,0.0,0.0,0.0,0.0,0.0,0.0,0.0,0.0,0.0,0.0,0.0,0.0,0.0,0.0,0.0,0.0,0.0,0.0,0.0,0.0,0.0,0.0,0.0,0.0,0.0,0.0,0.0,0.0,0.0,0.0,0.0,0.0,0.0,0.0,0.0,0.0,0.0,0.0,0.0,0.0,0.0,0.0,0.0,0.0,0.0,0.0,0.0,0.0,0.0,0.0,0.0,0.0,0.0,0.0,0.0,0.0,0.0,0.0,0.0,0.0
2021A00032416,0.0,0.0,0.0,0.0,0.0,0.0,0.0,0.0,0.0,0.0,0.0,0.0,0.0,0.0,20000.0,70000.0,0.0,0.0,0.0,0.0,0.0,0.0,2021,2416,0.0,0.0,0.0,0.0,0.0,0.0,0.0,0.0,0.0,0.0,0.0,0.0,0.0,0.0,0.0,0.0,0.0,0.0,0.0,0.0,0.0,0.0,0.0,0.0,0.0,0.0,0.0,0.0,0.0,0.0,0.0,0.0,0.0,0.0,0.0,0.0,0.0,0.0,0.0,0.0,0.0,0.0,0.0,0.0,0.0,0.0,0.0,0.0,0.0,0.0,0.0,0.0,0.0,0.0,62800.0,75.36,75.36,135100.0,1580.67,1580.67,0.0,0.0,0.0,0.0,0.0,0.0
2021A00032417,0.0,0.0,10000.0,0.0,80000.0,0.0,0.0,20000.0,60000.0,40000.0,70000.0,10000.0,20000.0,30000.0,20000.0,0.0,10000.0,0.0,10000.0,130000.0,230000.0,40000.0,2021,2417,234600.0,563.04,563.04,94400.0,37.76,37.76,190200.0,133.14000000000001,133.14000000000001,4600.0,18.4,18.4,43400.0,112.84,112.84,304800.0,121.92,121.92,0.0,0.0,0.0,13300.0,7.315,7.315,0.0,0.0,0.0,0.0,0.0,0.0,0.0,0.0,0.0,0.0,0.0,0.0,17600.0,3.52,3.52,146400.0,87.84,87.84,10600.0,16.96,16.96,69200.0,62.28,62.28,49800.00000000001,39.84,39.84,9900.0,4.95,4.95,62800.0,75.36,75.36,0.0,0.0,0.0,195000.0,74.1,74.1,0.0,0.0,0.0
2021A00032418,0.0,70000.0,10000.0,0.0,0.0,0.0,10000.0,0.0,0.0,30000.0,0.0,0.0,0.0,40000.0,0.0,0.0,0.0,0.0,0.0,40000.0,0.0,0.0,2021,2418,0.0,0.0,0.0,0.0,0.0,0.0,0.0,0.0,0.0,0.0,0.0,0.0,0.0,0.0,0.0,0.0,0.0,0.0,18600.0,7.997999999999999,7.997999999999999,13300.0,7.315,7.315,0.0,0.0,0.0,0.0,0.0,0.0,0.0,0.0,0.0,105.0,0.042,0.042,0.0,0.0,0.0,195200.0,117.12,117.12,7950.0,12.72,12.72,0.0,0.0,0.0,0.0,0.0,0.0,0.0,0.0,0.0,0.0,0.0,0.0,0.0,0.0,0.0,60000.0,22.8,22.8,0.0,0.0,0.0
2021A00032419,0.0,210000.0,0.0,0.0,10000.0,710000.0,0.0,0.0,0.0,30000.0,0.0,0.0,0.0,0.0,0.0,170000.0,0.0,1170000.0,0.0,0.0,380000.0,0.0,2021,2419,387600.0,930.24,930.24,0.0,0.0,0.0,0.0,0.0,0.0,0.0,0.0,0.0,0.0,0.0,0.0,38100.0,15.24,15.24,0.0,0.0,0.0,0.0,0.0,0.0,0.0,0.0,0.0,2428200.0,971.28,971.28,3884400.0,2136.42,2136.42,315.0,0.126,0.126,0.0,0.0,0.0,0.0,0.0,0.0,7950.0,12.72,12.72,0.0,0.0,0.0,0.0,0.0,0.0,0.0,0.0,0.0,0.0,0.0,0.0,328100.0,3838.77,3838.77,0.0,0.0,0.0,0.0,0.0,0.0
2021A00032420,230000.0,80000.0,500000.0,300000.0,240000.0,0.0,0.0,10000.0,360000.0,0.0,4610000.0,0.0,0.0,200000.0,0.0,0.0,0.0,0.0,0.0,320000.0,380000.0,60000.0,2021,2420,387600.0,930.24,930.24,141600.0,56.64,56.64,1141200.0,798.8400000000001,798.8400000000001,0.0,0.0,0.0,2858200.0,7431.32,7431.32,914400.0,365.76,365.76,0.0,0.0,0.0,665000.0,365.75,365.75,312000.0,174.72,174.72,0.0,0.0,0.0,0.0,0.0,0.0,120.0,0.048,0.048,0.0,0.0,0.0,976000.0,585.6,585.6,0.0,0.0,0.0,34600.0,31.14,31.14,0.0,0.0,0.0,0.0,0.0,0.0,0.0,0.0,0.0,0.0,0.0,0.0,480000.0,182.4,182.4,69000.0,34.5,34.5
2021A00032421,0.0,0.0,0.0,0.0,0.0,50000.0,0.0,10000.0,0.0,40000.0,0.0,0.0,0.0,0.0,10000.0,50000.0,10000.0,0.0,0.0,0.0,0.0,80000.0,2021,2421,0.0,0.0,0.0,188800.0,75.52,75.52,0.0,0.0,0.0,0.0,0.0,0.0,0.0,0.0,0.0,0.0,0.0,0.0,0.0,0.0,0.0,0.0,0.0,0.0,0.0,0.0,0.0,171000.0,68.4,68.4,0.0,0.0,0.0,0.0,0.0,0.0,17600.0,3.52,3.52,0.0,0.0,0.0,10600.0,16.96,16.96,34600.0,31.14,31.14,0.0,0.0,0.0,0.0,0.0,0.0,31400.0,37.68,37.68,96500.0,1129.05,1129.05,0.0,0.0,0.0,0.0,0.0,0.0
2021A00032422,0.0,0.0,0.0,0.0,0.0,0.0,0.0,0.0,0.0,0.0,0.0,0.0,0.0,0.0,0.0,0.0,0.0,0.0,0.0,0.0,0.0,0.0,2021,2422,0.0,0.0,0.0,0.0,0.0,0.0,0.0,0.0,0.0,0.0,0.0,0.0,0.0,0.0,0.0,0.0,0.0,0.0,0.0,0.0,0.0,0.0,0.0,0.0,0.0,0.0,0.0,0.0,0.0,0.0,0.0,0.0,0.0,0.0,0.0,0.0,0.0,0.0,0.0,0.0,0.0,0.0,0.0,0.0,0.0,0.0,0.0,0.0,0.0,0.0,0.0,0.0,0.0,0.0,0.0,0.0,0.0,0.0,0.0,0.0,0.0,0.0,0.0,0.0,0.0,0.0
2021A00032423,0.0,0.0,0.0,0.0,0.0,0.0,0.0,0.0,0.0,0.0,0.0,0.0,0.0,0.0,0.0,0.0,0.0,0.0,0.0,0.0,0.0,0.0,2021,2423,0.0,0.0,0.0,0.0,0.0,0.0,0.0,0.0,0.0,0.0,0.0,0.0,0.0,0.0,0.0,0.0,0.0,0.0,0.0,0.0,0.0,0.0,0.0,0.0,0.0,0.0,0.0,0.0,0.0,0.0,0.0,0.0,0.0,0.0,0.0,0.0,0.0,0.0,0.0,0.0,0.0,0.0,0.0,0.0,0.0,0.0,0.0,0.0,0.0,0.0,0.0,0.0,0.0,0.0,0.0,0.0,0.0,0.0,0.0,0.0,0.0,0.0,0.0,0.0,0.0,0.0
2021A00032425,0.0,0.0,40000.0,20000.0,50000.0,0.0,40000.0,20000.0,40000.0,20000.0,60000.0,40000.0,40000.0,70000.0,30000.0,130000.0,10000.0,0.0,10000.0,70000.0,280000.0,70000.0,2021,2425,285600.0,685.44,685.44,165200.0,66.08,66.08,126800.0,88.76,88.76,18400.0,73.6,73.6,37200.0,96.72,96.72,190500.0,76.2,76.2,74400.0,31.991999999999997,31.991999999999997,53200.0,29.26,29.26,20800.0,11.648,11.648,0.0,0.0,0.0,0.0,0.0,0.0,0.0,0.0,0.0,17600.0,3.52,3.52,341600.0,204.96,204.96,5300.0,8.48,8.48,69200.0,62.28,62.28,99600.00000000001,79.68,79.68,9900.0,4.95,4.95,94200.0,113.04,113.04,250900.0,2935.53,2935.53,105000.0,39.9,39.9,0.0,0.0,0.0
2021A00032426,0.0,0.0,0.0,0.0,20000.0,0.0,0.0,10000.0,0.0,30000.0,0.0,0.0,0.0,0.0,0.0,0.0,0.0,0.0,10000.0,0.0,0.0,0.0,2021,2426,0.0,0.0,0.0,0.0,0.0,0.0,0.0,0.0,0.0,0.0,0.0,0.0,0.0,0.0,0.0,76200.0,30.48,30.48,0.0,0.0,0.0,0.0,0.0,0.0,0.0,0.0,0.0,0.0,0.0,0.0,0.0,0.0,0.0,0.0,0.0,0.0,0.0,0.0,0.0,0.0,0.0,0.0,7950.0,12.72,12.72,34600.0,31.14,31.14,0.0,0.0,0.0,9900.0,4.95,4.95,0.0,0.0,0.0,0.0,0.0,0.0,0.0,0.0,0.0,0.0,0.0,0.0
2021A00032427,0.0,0.0,0.0,0.0,0.0,0.0,0.0,0.0,0.0,0.0,0.0,0.0,0.0,0.0,0.0,0.0,0.0,0.0,0.0,0.0,0.0,0.0,2021,2427,0.0,0.0,0.0,0.0,0.0,0.0,0.0,0.0,0.0,0.0,0.0,0.0,0.0,0.0,0.0,0.0,0.0,0.0,0.0,0.0,0.0,0.0,0.0,0.0,0.0,0.0,0.0,0.0,0.0,0.0,0.0,0.0,0.0,0.0,0.0,0.0,0.0,0.0,0.0,0.0,0.0,0.0,0.0,0.0,0.0,0.0,0.0,0.0,0.0,0.0,0.0,0.0,0.0,0.0,0.0,0.0,0.0,0.0,0.0,0.0,0.0,0.0,0.0,0.0,0.0,0.0
2021A00032428,0.0,0.0,0.0,0.0,0.0,0.0,0.0,0.0,0.0,0.0,0.0,0.0,0.0,0.0,0.0,0.0,0.0,0.0,0.0,0.0,0.0,0.0,2021,2428,0.0,0.0,0.0,0.0,0.0,0.0,0.0,0.0,0.0,0.0,0.0,0.0,0.0,0.0,0.0,0.0,0.0,0.0,0.0,0.0,0.0,0.0,0.0,0.0,0.0,0.0,0.0,0.0,0.0,0.0,0.0,0.0,0.0,0.0,0.0,0.0,0.0,0.0,0.0,0.0,0.0,0.0,0.0,0.0,0.0,0.0,0.0,0.0,0.0,0.0,0.0,0.0,0.0,0.0,0.0,0.0,0.0,0.0,0.0,0.0,0.0,0.0,0.0,0.0,0.0,0.0
2021A00032429,0.0,0.0,20000.0,0.0,40000.0,0.0,20000.0,40000.0,20000.0,50000.0,0.0,20000.0,20000.0,20000.0,20000.0,0.0,20000.0,0.0,20000.0,0.0,270000.0,0.0,2021,2429,275400.0,660.96,660.96,0.0,0.0,0.0,63400.0,44.38,44.38,9200.0,36.8,36.8,0.0,0.0,0.0,152400.0,60.96,60.96,37200.0,15.995999999999999,15.995999999999999,26600.0,14.63,14.63,0.0,0.0,0.0,0.0,0.0,0.0,0.0,0.0,0.0,0.0,0.0,0.0,35200.0,7.04,7.04,97600.0,58.56,58.56,13250.0,21.2,21.2,138400.0,124.56,124.56,49800.00000000001,39.84,39.84,19800.0,9.9,9.9,62800.0,75.36,75.36,0.0,0.0,0.0,0.0,0.0,0.0,0.0,0.0,0.0
2021A00032430,0.0,0.0,0.0,0.0,0.0,0.0,0.0,0.0,0.0,0.0,0.0,0.0,0.0,0.0,0.0,0.0,0.0,0.0,0.0,0.0,0.0,0.0,2021,2430,0.0,0.0,0.0,0.0,0.0,0.0,0.0,0.0,0.0,0.0,0.0,0.0,0.0,0.0,0.0,0.0,0.0,0.0,0.0,0.0,0.0,0.0,0.0,0.0,0.0,0.0,0.0,0.0,0.0,0.0,0.0,0.0,0.0,0.0,0.0,0.0,0.0,0.0,0.0,0.0,0.0,0.0,0.0,0.0,0.0,0.0,0.0,0.0,0.0,0.0,0.0,0.0,0.0,0.0,0.0,0.0,0.0,0.0,0.0,0.0,0.0,0.0,0.0,0.0,0.0,0.0
2021A00032431,0.0,0.0,0.0,0.0,0.0,0.0,0.0,0.0,0.0,0.0,0.0,0.0,0.0,0.0,0.0,0.0,0.0,0.0,0.0,0.0,0.0,0.0,2021,2431,0.0,0.0,0.0,0.0,0.0,0.0,0.0,0.0,0.0,0.0,0.0,0.0,0.0,0.0,0.0,0.0,0.0,0.0,0.0,0.0,0.0,0.0,0.0,0.0,0.0,0.0,0.0,0.0,0.0,0.0,0.0,0.0,0.0,0.0,0.0,0.0,0.0,0.0,0.0,0.0,0.0,0.0,0.0,0.0,0.0,0.0,0.0,0.0,0.0,0.0,0.0,0.0,0.0,0.0,0.0,0.0,0.0,0.0,0.0,0.0,0.0,0.0,0.0,0.0,0.0,0.0
2021A00032432,0.0,0.0,0.0,0.0,0.0,80000.0,0.0,0.0,0.0,0.0,0.0,0.0,0.0,0.0,0.0,20000.0,0.0,20000.0,0.0,0.0,0.0,0.0,2021,2432,0.0,0.0,0.0,0.0,0.0,0.0,0.0,0.0,0.0,0.0,0.0,0.0,0.0,0.0,0.0,0.0,0.0,0.0,0.0,0.0,0.0,0.0,0.0,0.0,0.0,0.0,0.0,273600.0,109.44,109.44,66400.0,36.52,36.52,0.0,0.0,0.0,0.0,0.0,0.0,0.0,0.0,0.0,0.0,0.0,0.0,0.0,0.0,0.0,0.0,0.0,0.0,0.0,0.0,0.0,0.0,0.0,0.0,38600.0,451.62,451.62,0.0,0.0,0.0,0.0,0.0,0.0
2021A00032433,80000.0,0.0,0.0,0.0,0.0,0.0,0.0,0.0,0.0,40000.0,0.0,0.0,0.0,0.0,0.0,0.0,0.0,0.0,0.0,100000.0,230000.0,0.0,2021,2433,234600.0,563.04,563.04,0.0,0.0,0.0,0.0,0.0,0.0,0.0,0.0,0.0,0.0,0.0,0.0,0.0,0.0,0.0,0.0,0.0,0.0,0.0,0.0,0.0,0.0,0.0,0.0,0.0,0.0,0.0,0.0,0.0,0.0,0.0,0.0,0.0,0.0,0.0,0.0,0.0,0.0,0.0,10600.0,16.96,16.96,0.0,0.0,0.0,0.0,0.0,0.0,0.0,0.0,0.0,0.0,0.0,0.0,0.0,0.0,0.0,150000.0,57.0,57.0,24000.0,12.0,12.0
2021A00032434,0.0,0.0,0.0,0.0,0.0,120000.0,0.0,0.0,0.0,0.0,0.0,0.0,0.0,0.0,0.0,80000.0,10000.0,0.0,0.0,0.0,2060000.0,0.0,2021,2434,2101200.0,5042.88,5042.88,0.0,0.0,0.0,0.0,0.0,0.0,0.0,0.0,0.0,0.0,0.0,0.0,0.0,0.0,0.0,0.0,0.0,0.0,0.0,0.0,0.0,0.0,0.0,0.0,410400.0,164.16,164.16,0.0,0.0,0.0,0.0,0.0,0.0,17600.0,3.52,3.52,0.0,0.0,0.0,0.0,0.0,0.0,0.0,0.0,0.0,0.0,0.0,0.0,0.0,0.0,0.0,0.0,0.0,0.0,154400.0,1806.48,1806.48,0.0,0.0,0.0,0.0,0.0,0.0
2021A00032435,0.0,0.0,0.0,0.0,0.0,0.0,0.0,0.0,0.0,0.0,0.0,0.0,0.0,0.0,0.0,0.0,0.0,0.0,0.0,0.0,0.0,0.0,2021,2435,0.0,0.0,0.0,0.0,0.0,0.0,0.0,0.0,0.0,0.0,0.0,0.0,0.0,0.0,0.0,0.0,0.0,0.0,0.0,0.0,0.0,0.0,0.0,0.0,0.0,0.0,0.0,0.0,0.0,0.0,0.0,0.0,0.0,0.0,0.0,0.0,0.0,0.0,0.0,0.0,0.0,0.0,0.0,0.0,0.0,0.0,0.0,0.0,0.0,0.0,0.0,0.0,0.0,0.0,0.0,0.0,0.0,0.0,0.0,0.0,0.0,0.0,0.0,0.0,0.0,0.0
2021A00032436,600000.0,0.0,0.0,0.0,0.0,0.0,0.0,0.0,0.0,20000.0,0.0,0.0,0.0,0.0,0.0,0.0,0.0,0.0,0.0,0.0,0.0,0.0,2021,2436,0.0,0.0,0.0,0.0,0.0,0.0,0.0,0.0,0.0,0.0,0.0,0.0,0.0,0.0,0.0,0.0,0.0,0.0,0.0,0.0,0.0,0.0,0.0,0.0,0.0,0.0,0.0,0.0,0.0,0.0,0.0,0.0,0.0,0.0,0.0,0.0,0.0,0.0,0.0,0.0,0.0,0.0,5300.0,8.48,8.48,0.0,0.0,0.0,0.0,0.0,0.0,0.0,0.0,0.0,0.0,0.0,0.0,0.0,0.0,0.0,0.0,0.0,0.0,180000.0,90.0,90.0
2021A00032437,0.0,0.0,0.0,0.0,220000.0,0.0,0.0,10000.0,0.0,0.0,0.0,0.0,250000.0,0.0,0.0,0.0,0.0,0.0,0.0,0.0,740000.0,0.0,2021,2437,754800.0,1811.52,1811.52,0.0,0.0,0.0,0.0,0.0,0.0,0.0,0.0,0.0,0.0,0.0,0.0,838200.0,335.28,335.28,0.0,0.0,0.0,0.0,0.0,0.0,0.0,0.0,0.0,0.0,0.0,0.0,0.0,0.0,0.0,0.0,0.0,0.0,0.0,0.0,0.0,0.0,0.0,0.0,0.0,0.0,0.0,34600.0,31.14,31.14,622500.0,498.0,498.0,0.0,0.0,0.0,0.0,0.0,0.0,0.0,0.0,0.0,0.0,0.0,0.0,0.0,0.0,0.0
2021A00032438,0.0,0.0,10000.0,0.0,0.0,0.0,0.0,0.0,0.0,0.0,0.0,0.0,10000.0,0.0,0.0,0.0,0.0,0.0,0.0,0.0,0.0,30000.0,2021,2438,0.0,0.0,0.0,70800.0,28.32,28.32,0.0,0.0,0.0,0.0,0.0,0.0,0.0,0.0,0.0,0.0,0.0,0.0,0.0,0.0,0.0,13300.0,7.315,7.315,0.0,0.0,0.0,0.0,0.0,0.0,0.0,0.0,0.0,0.0,0.0,0.0,0.0,0.0,0.0,0.0,0.0,0.0,0.0,0.0,0.0,0.0,0.0,0.0,24900.000000000004,19.92,19.92,0.0,0.0,0.0,0.0,0.0,0.0,0.0,0.0,0.0,0.0,0.0,0.0,0.0,0.0,0.0
2021A00032439,60000.0,0.0,0.0,0.0,0.0,0.0,0.0,0.0,0.0,0.0,0.0,0.0,0.0,0.0,0.0,0.0,0.0,0.0,0.0,0.0,0.0,0.0,2021,2439,0.0,0.0,0.0,0.0,0.0,0.0,0.0,0.0,0.0,0.0,0.0,0.0,0.0,0.0,0.0,0.0,0.0,0.0,0.0,0.0,0.0,0.0,0.0,0.0,0.0,0.0,0.0,0.0,0.0,0.0,0.0,0.0,0.0,0.0,0.0,0.0,0.0,0.0,0.0,0.0,0.0,0.0,0.0,0.0,0.0,0.0,0.0,0.0,0.0,0.0,0.0,0.0,0.0,0.0,0.0,0.0,0.0,0.0,0.0,0.0,0.0,0.0,0.0,18000.0,9.0,9.0
2021A00032440,0.0,0.0,0.0,0.0,0.0,0.0,0.0,0.0,0.0,0.0,0.0,0.0,0.0,0.0,0.0,0.0,0.0,0.0,0.0,0.0,0.0,20000.0,2021,2440,0.0,0.0,0.0,47200.0,18.88,18.88,0.0,0.0,0.0,0.0,0.0,0.0,0.0,0.0,0.0,0.0,0.0,0.0,0.0,0.0,0.0,0.0,0.0,0.0,0.0,0.0,0.0,0.0,0.0,0.0,0.0,0.0,0.0,0.0,0.0,0.0,0.0,0.0,0.0,0.0,0.0,0.0,0.0,0.0,0.0,0.0,0.0,0.0,0.0,0.0,0.0,0.0,0.0,0.0,0.0,0.0,0.0,0.0,0.0,0.0,0.0,0.0,0.0,0.0,0.0,0.0
2021A00032441,0.0,0.0,0.0,0.0,0.0,0.0,0.0,0.0,0.0,0.0,0.0,470000.0,0.0,0.0,0.0,0.0,0.0,0.0,0.0,0.0,0.0,0.0,2021,2441,0.0,0.0,0.0,0.0,0.0,0.0,0.0,0.0,0.0,216200.0,864.8,864.8,0.0,0.0,0.0,0.0,0.0,0.0,0.0,0.0,0.0,0.0,0.0,0.0,0.0,0.0,0.0,0.0,0.0,0.0,0.0,0.0,0.0,0.0,0.0,0.0,0.0,0.0,0.0,0.0,0.0,0.0,0.0,0.0,0.0,0.0,0.0,0.0,0.0,0.0,0.0,0.0,0.0,0.0,0.0,0.0,0.0,0.0,0.0,0.0,0.0,0.0,0.0,0.0,0.0,0.0
2021A00032442,0.0,0.0,0.0,0.0,0.0,80000.0,0.0,0.0,310000.0,0.0,0.0,0.0,0.0,0.0,0.0,80000.0,0.0,80000.0,0.0,80000.0,0.0,0.0,2021,2442,0.0,0.0,0.0,0.0,0.0,0.0,982700.0,687.89,687.89,0.0,0.0,0.0,0.0,0.0,0.0,0.0,0.0,0.0,0.0,0.0,0.0,0.0,0.0,0.0,0.0,0.0,0.0,273600.0,109.44,109.44,265600.0,146.08,146.08,0.0,0.0,0.0,0.0,0.0,0.0,0.0,0.0,0.0,0.0,0.0,0.0,0.0,0.0,0.0,0.0,0.0,0.0,0.0,0.0,0.0,0.0,0.0,0.0,154400.0,1806.48,1806.48,120000.0,45.6,45.6,0.0,0.0,0.0
2021A00032443,0.0,0.0,0.0,0.0,0.0,0.0,0.0,0.0,0.0,50000.0,0.0,0.0,10000.0,0.0,0.0,0.0,0.0,0.0,0.0,0.0,0.0,0.0,2021,2443,0.0,0.0,0.0,0.0,0.0,0.0,0.0,0.0,0.0,0.0,0.0,0.0,0.0,0.0,0.0,0.0,0.0,0.0,0.0,0.0,0.0,0.0,0.0,0.0,0.0,0.0,0.0,0.0,0.0,0.0,0.0,0.0,0.0,0.0,0.0,0.0,0.0,0.0,0.0,0.0,0.0,0.0,13250.0,21.2,21.2,0.0,0.0,0.0,24900.000000000004,19.92,19.92,0.0,0.0,0.0,0.0,0.0,0.0,0.0,0.0,0.0,0.0,0.0,0.0,0.0,0.0,0.0
2021A00032444,20000.0,90000.0,0.0,0.0,40000.0,120000.0,0.0,130000.0,0.0,170000.0,0.0,0.0,20000.0,30000.0,20000.0,40000.0,20000.0,40000.0,0.0,110000.0,0.0,10000.0,2021,2444,0.0,0.0,0.0,23600.0,9.44,9.44,0.0,0.0,0.0,0.0,0.0,0.0,0.0,0.0,0.0,152400.0,60.96,60.96,0.0,0.0,0.0,0.0,0.0,0.0,0.0,0.0,0.0,410400.0,164.16,164.16,132800.0,73.04,73.04,135.0,0.054000000000000006,0.054000000000000006,35200.0,7.04,7.04,146400.0,87.84,87.84,45050.0,72.08,72.08,449800.0,404.82,404.82,49800.00000000001,39.84,39.84,0.0,0.0,0.0,62800.0,75.36,75.36,77200.0,903.24,903.24,165000.0,62.7,62.7,6000.0,3.0,3.0
2021A00032445,0.0,0.0,0.0,0.0,0.0,0.0,0.0,0.0,0.0,110000.0,0.0,0.0,0.0,10000.0,10000.0,0.0,0.0,0.0,0.0,0.0,0.0,0.0,2021,2445,0.0,0.0,0.0,0.0,0.0,0.0,0.0,0.0,0.0,0.0,0.0,0.0,0.0,0.0,0.0,0.0,0.0,0.0,0.0,0.0,0.0,0.0,0.0,0.0,0.0,0.0,0.0,0.0,0.0,0.0,0.0,0.0,0.0,0.0,0.0,0.0,0.0,0.0,0.0,48800.0,29.28,29.28,29150.0,46.64,46.64,0.0,0.0,0.0,0.0,0.0,0.0,0.0,0.0,0.0,31400.0,37.68,37.68,0.0,0.0,0.0,0.0,0.0,0.0,0.0,0.0,0.0
2021A00032446,0.0,0.0,0.0,0.0,0.0,0.0,0.0,30000.0,0.0,130000.0,0.0,0.0,0.0,0.0,0.0,0.0,0.0,0.0,0.0,910000.0,0.0,0.0,2021,2446,0.0,0.0,0.0,0.0,0.0,0.0,0.0,0.0,0.0,0.0,0.0,0.0,0.0,0.0,0.0,0.0,0.0,0.0,0.0,0.0,0.0,0.0,0.0,0.0,0.0,0.0,0.0,0.0,0.0,0.0,0.0,0.0,0.0,0.0,0.0,0.0,0.0,0.0,0.0,0.0,0.0,0.0,34450.0,55.12,55.12,103800.0,93.42,93.42,0.0,0.0,0.0,0.0,0.0,0.0,0.0,0.0,0.0,0.0,0.0,0.0,1365000.0,518.7,518.7,0.0,0.0,0.0
2021A00032447,0.0,0.0,0.0,0.0,0.0,0.0,0.0,0.0,0.0,0.0,0.0,0.0,0.0,0.0,0.0,0.0,0.0,0.0,0.0,0.0,0.0,0.0,2021,2447,0.0,0.0,0.0,0.0,0.0,0.0,0.0,0.0,0.0,0.0,0.0,0.0,0.0,0.0,0.0,0.0,0.0,0.0,0.0,0.0,0.0,0.0,0.0,0.0,0.0,0.0,0.0,0.0,0.0,0.0,0.0,0.0,0.0,0.0,0.0,0.0,0.0,0.0,0.0,0.0,0.0,0.0,0.0,0.0,0.0,0.0,0.0,0.0,0.0,0.0,0.0,0.0,0.0,0.0,0.0,0.0,0.0,0.0,0.0,0.0,0.0,0.0,0.0,0.0,0.0,0.0
2021A00032448,0.0,0.0,0.0,0.0,0.0,0.0,0.0,0.0,0.0,0.0,0.0,0.0,0.0,0.0,0.0,0.0,0.0,0.0,0.0,0.0,0.0,0.0,2021,2448,0.0,0.0,0.0,0.0,0.0,0.0,0.0,0.0,0.0,0.0,0.0,0.0,0.0,0.0,0.0,0.0,0.0,0.0,0.0,0.0,0.0,0.0,0.0,0.0,0.0,0.0,0.0,0.0,0.0,0.0,0.0,0.0,0.0,0.0,0.0,0.0,0.0,0.0,0.0,0.0,0.0,0.0,0.0,0.0,0.0,0.0,0.0,0.0,0.0,0.0,0.0,0.0,0.0,0.0,0.0,0.0,0.0,0.0,0.0,0.0,0.0,0.0,0.0,0.0,0.0,0.0
2021A00032449,170000.0,0.0,0.0,0.0,0.0,0.0,0.0,0.0,0.0,0.0,0.0,880000.0,0.0,0.0,0.0,0.0,0.0,0.0,0.0,0.0,990000.0,0.0,2021,2449,1009800.0,2423.52,2423.52,0.0,0.0,0.0,0.0,0.0,0.0,404800.0,1619.2,1619.2,0.0,0.0,0.0,0.0,0.0,0.0,0.0,0.0,0.0,0.0,0.0,0.0,0.0,0.0,0.0,0.0,0.0,0.0,0.0,0.0,0.0,0.0,0.0,0.0,0.0,0.0,0.0,0.0,0.0,0.0,0.0,0.0,0.0,0.0,0.0,0.0,0.0,0.0,0.0,0.0,0.0,0.0,0.0,0.0,0.0,0.0,0.0,0.0,0.0,0.0,0.0,51000.0,25.5,25.5
2021A00032450,0.0,0.0,0.0,0.0,0.0,0.0,0.0,0.0,0.0,0.0,1290000.0,1100000.0,0.0,0.0,0.0,0.0,0.0,0.0,0.0,0.0,3040000.0,0.0,2021,2450,3100800.0,7441.92,7441.92,0.0,0.0,0.0,0.0,0.0,0.0,506000.0,2024.0,2024.0,799800.0,2079.48,2079.48,0.0,0.0,0.0,0.0,0.0,0.0,0.0,0.0,0.0,0.0,0.0,0.0,0.0,0.0,0.0,0.0,0.0,0.0,0.0,0.0,0.0,0.0,0.0,0.0,0.0,0.0,0.0,0.0,0.0,0.0,0.0,0.0,0.0,0.0,0.0,0.0,0.0,0.0,0.0,0.0,0.0,0.0,0.0,0.0,0.0,0.0,0.0,0.0,0.0,0.0,0.0
2021A00032451,380000.0,190000.0,0.0,0.0,150000.0,0.0,0.0,0.0,0.0,180000.0,0.0,0.0,0.0,0.0,0.0,250000.0,10000.0,110000.0,0.0,0.0,600000.0,0.0,2021,2451,612000.0,1468.8,1468.8,0.0,0.0,0.0,0.0,0.0,0.0,0.0,0.0,0.0,0.0,0.0,0.0,571500.0,228.6,228.6,0.0,0.0,0.0,0.0,0.0,0.0,0.0,0.0,0.0,0.0,0.0,0.0,365200.0,200.86,200.86,285.0,0.114,0.114,17600.0,3.52,3.52,0.0,0.0,0.0,47700.0,76.32,76.32,0.0,0.0,0.0,0.0,0.0,0.0,0.0,0.0,0.0,0.0,0.0,0.0,482500.0,5645.25,5645.25,0.0,0.0,0.0,114000.0,57.0,57.0
2021A00032452,280000.0,280000.0,2380000.0,320000.0,0.0,160000.0,880000.0,480000.0,0.0,0.0,3120000.0,2840000.0,1000000.0,470000.0,0.0,0.0,0.0,110000.0,0.0,950000.0,2280000.0,0.0,2021,2452,2325600.0,5581.44,5581.44,0.0,0.0,0.0,0.0,0.0,0.0,1306400.0,5225.6,5225.6,1934400.0,5029.44,5029.44,0.0,0.0,0.0,1636800.0,703.824,703.824,3165400.0,1740.97,1740.97,332800.0,186.368,186.368,547200.0,218.88,218.88,365200.0,200.86,200.86,420.0,0.168,0.168,0.0,0.0,0.0,2293600.0,1376.16,1376.16,0.0,0.0,0.0,1660800.0,1494.72,1494.72,2490000.0,1992.0,1992.0,0.0,0.0,0.0,0.0,0.0,0.0,0.0,0.0,0.0,1425000.0,541.5,541.5,84000.0,42.0,42.0
2021A00032453,150000.0,0.0,0.0,0.0,280000.0,0.0,0.0,0.0,510000.0,0.0,0.0,1720000.0,0.0,0.0,0.0,0.0,0.0,0.0,0.0,0.0,1970000.0,0.0,2021,2453,2009400.0,4822.56,4822.56,0.0,0.0,0.0,1616700.0,1131.69,1131.69,791200.0,3164.8,3164.8,0.0,0.0,0.0,1066800.0,426.72,426.72,0.0,0.0,0.0,0.0,0.0,0.0,0.0,0.0,0.0,0.0,0.0,0.0,0.0,0.0,0.0,0.0,0.0,0.0,0.0,0.0,0.0,0.0,0.0,0.0,0.0,0.0,0.0,0.0,0.0,0.0,0.0,0.0,0.0,0.0,0.0,0.0,0.0,0.0,0.0,0.0,0.0,0.0,0.0,0.0,0.0,45000.0,22.5,22.5
2021A00032454,0.0,0.0,0.0,0.0,0.0,2640000.0,0.0,50000.0,1540000.0,0.0,3270000.0,6410000.0,0.0,0.0,0.0,0.0,0.0,0.0,0.0,460000.0,9420000.0,480000.0,2021,2454,9608400.0,23060.16,23060.16,1132800.0,453.12,453.12,4881800.0,3417.2600000000007,3417.2600000000007,2948600.0,11794.4,11794.4,2027400.0,5271.24,5271.24,0.0,0.0,0.0,0.0,0.0,0.0,0.0,0.0,0.0,0.0,0.0,0.0,9028800.0,3611.52,3611.52,0.0,0.0,0.0,0.0,0.0,0.0,0.0,0.0,0.0,0.0,0.0,0.0,0.0,0.0,0.0,173000.0,155.7,155.7,0.0,0.0,0.0,0.0,0.0,0.0,0.0,0.0,0.0,0.0,0.0,0.0,690000.0,262.2,262.2,0.0,0.0,0.0
2021A00032455,0.0,0.0,0.0,0.0,0.0,0.0,0.0,20000.0,0.0,40000.0,0.0,0.0,0.0,830000.0,0.0,580000.0,0.0,0.0,0.0,620000.0,2180000.0,380000.0,2021,2455,2223600.0,5336.64,5336.64,896800.0,358.72,358.72,0.0,0.0,0.0,0.0,0.0,0.0,0.0,0.0,0.0,0.0,0.0,0.0,0.0,0.0,0.0,0.0,0.0,0.0,0.0,0.0,0.0,0.0,0.0,0.0,0.0,0.0,0.0,0.0,0.0,0.0,0.0,0.0,0.0,4050400.0,2430.24,2430.24,10600.0,16.96,16.96,69200.0,62.28,62.28,0.0,0.0,0.0,0.0,0.0,0.0,0.0,0.0,0.0,1119400.0,13096.98,13096.98,930000.0,353.4,353.4,0.0,0.0,0.0
2021A00032456,170000.0,0.0,0.0,0.0,0.0,0.0,0.0,0.0,0.0,0.0,0.0,3910000.0,0.0,0.0,0.0,0.0,0.0,0.0,0.0,0.0,1830000.0,0.0,2021,2456,1866600.0,4479.84,4479.84,0.0,0.0,0.0,0.0,0.0,0.0,1798600.0,7194.4,7194.4,0.0,0.0,0.0,0.0,0.0,0.0,0.0,0.0,0.0,0.0,0.0,0.0,0.0,0.0,0.0,0.0,0.0,0.0,0.0,0.0,0.0,0.0,0.0,0.0,0.0,0.0,0.0,0.0,0.0,0.0,0.0,0.0,0.0,0.0,0.0,0.0,0.0,0.0,0.0,0.0,0.0,0.0,0.0,0.0,0.0,0.0,0.0,0.0,0.0,0.0,0.0,51000.0,25.5,25.5
2021A00032457,0.0,0.0,0.0,0.0,410000.0,0.0,0.0,0.0,0.0,60000.0,0.0,1120000.0,0.0,0.0,0.0,0.0,0.0,0.0,0.0,0.0,0.0,0.0,2021,2457,0.0,0.0,0.0,0.0,0.0,0.0,0.0,0.0,0.0,515200.0,2060.8,2060.8,0.0,0.0,0.0,1562100.0,624.84,624.84,0.0,0.0,0.0,0.0,0.0,0.0,0.0,0.0,0.0,0.0,0.0,0.0,0.0,0.0,0.0,0.0,0.0,0.0,0.0,0.0,0.0,0.0,0.0,0.0,15900.0,25.44,25.44,0.0,0.0,0.0,0.0,0.0,0.0,0.0,0.0,0.0,0.0,0.0,0.0,0.0,0.0,0.0,0.0,0.0,0.0,0.0,0.0,0.0
2021A00032458,0.0,0.0,0.0,0.0,0.0,0.0,0.0,0.0,0.0,0.0,0.0,0.0,0.0,0.0,0.0,0.0,0.0,0.0,0.0,0.0,0.0,0.0,2021,2458,0.0,0.0,0.0,0.0,0.0,0.0,0.0,0.0,0.0,0.0,0.0,0.0,0.0,0.0,0.0,0.0,0.0,0.0,0.0,0.0,0.0,0.0,0.0,0.0,0.0,0.0,0.0,0.0,0.0,0.0,0.0,0.0,0.0,0.0,0.0,0.0,0.0,0.0,0.0,0.0,0.0,0.0,0.0,0.0,0.0,0.0,0.0,0.0,0.0,0.0,0.0,0.0,0.0,0.0,0.0,0.0,0.0,0.0,0.0,0.0,0.0,0.0,0.0,0.0,0.0,0.0
2021A00032459,0.0,0.0,0.0,0.0,0.0,870000.0,0.0,0.0,0.0,0.0,0.0,0.0,0.0,0.0,0.0,0.0,0.0,0.0,0.0,0.0,0.0,0.0,2021,2459,0.0,0.0,0.0,0.0,0.0,0.0,0.0,0.0,0.0,0.0,0.0,0.0,0.0,0.0,0.0,0.0,0.0,0.0,0.0,0.0,0.0,0.0,0.0,0.0,0.0,0.0,0.0,2975400.0,1190.16,1190.16,0.0,0.0,0.0,0.0,0.0,0.0,0.0,0.0,0.0,0.0,0.0,0.0,0.0,0.0,0.0,0.0,0.0,0.0,0.0,0.0,0.0,0.0,0.0,0.0,0.0,0.0,0.0,0.0,0.0,0.0,0.0,0.0,0.0,0.0,0.0,0.0
2021A00032460,0.0,980000.0,0.0,0.0,690000.0,710000.0,0.0,330000.0,0.0,0.0,300000.0,0.0,0.0,160000.0,0.0,0.0,0.0,540000.0,0.0,0.0,2260000.0,0.0,2021,2460,2305200.0,5532.48,5532.48,0.0,0.0,0.0,0.0,0.0,0.0,0.0,0.0,0.0,186000.0,483.6,483.6,2628900.0,1051.56,1051.56,0.0,0.0,0.0,0.0,0.0,0.0,0.0,0.0,0.0,2428200.0,971.28,971.28,1792800.0,986.04,986.04,1470.0,0.5880000000000001,0.5880000000000001,0.0,0.0,0.0,780800.0,468.48,468.48,0.0,0.0,0.0,1141800.0,1027.62,1027.62,0.0,0.0,0.0,0.0,0.0,0.0,0.0,0.0,0.0,0.0,0.0,0.0,0.0,0.0,0.0,0.0,0.0,0.0
2021A00032461,670000.0,0.0,420000.0,0.0,250000.0,1510000.0,2080000.0,0.0,0.0,90000.0,1650000.0,530000.0,0.0,1720000.0,0.0,0.0,0.0,0.0,0.0,900000.0,1380000.0,0.0,2021,2461,1407600.0,3378.24,3378.24,0.0,0.0,0.0,0.0,0.0,0.0,243800.0,975.2,975.2,1023000.0,2659.8,2659.8,952500.0,381.0,381.0,3868800.0,1663.5839999999998,1663.5839999999998,558600.0,307.23,307.23,0.0,0.0,0.0,5164200.0,2065.68,2065.68,0.0,0.0,0.0,0.0,0.0,0.0,0.0,0.0,0.0,8393600.0,5036.16,5036.16,23850.0,38.16,38.16,0.0,0.0,0.0,0.0,0.0,0.0,0.0,0.0,0.0,0.0,0.0,0.0,0.0,0.0,0.0,1350000.0,513.0,513.0,201000.0,100.5,100.5
2021A00032462,0.0,0.0,0.0,0.0,490000.0,130000.0,0.0,0.0,0.0,0.0,0.0,0.0,0.0,0.0,0.0,0.0,0.0,0.0,0.0,0.0,0.0,0.0,2021,2462,0.0,0.0,0.0,0.0,0.0,0.0,0.0,0.0,0.0,0.0,0.0,0.0,0.0,0.0,0.0,1866900.0,746.76,746.76,0.0,0.0,0.0,0.0,0.0,0.0,0.0,0.0,0.0,444600.0,177.84,177.84,0.0,0.0,0.0,0.0,0.0,0.0,0.0,0.0,0.0,0.0,0.0,0.0,0.0,0.0,0.0,0.0,0.0,0.0,0.0,0.0,0.0,0.0,0.0,0.0,0.0,0.0,0.0,0.0,0.0,0.0,0.0,0.0,0.0,0.0,0.0,0.0
2021A00032463,480000.0,6090000.0,1980000.0,0.0,7380000.0,9000000.0,1950000.0,0.0,490000.0,280000.0,1930000.0,1360000.0,0.0,1120000.0,150000.0,270000.0,0.0,2490000.0,0.0,2810000.0,1700000.0,0.0,2021,2463,1734000.0,4161.6,4161.6,0.0,0.0,0.0,1553300.0,1087.3100000000002,1087.3100000000002,625600.0,2502.4,2502.4,1196600.0,3111.16,3111.16,28117800.0,11247.12,11247.12,3627000.0,1559.61,1559.61,2633400.0,1448.37,1448.37,0.0,0.0,0.0,30780000.0,12312.0,12312.0,8266800.0,4546.74,4546.74,9135.0,3.6540000000000004,3.6540000000000004,0.0,0.0,0.0,5465600.0,3279.36,3279.36,74200.0,118.72,118.72,0.0,0.0,0.0,0.0,0.0,0.0,0.0,0.0,0.0,471000.0,565.2,565.2,521100.0,6096.87,6096.87,4215000.0,1601.7,1601.7,144000.0,72.0,72.0
2021A00032464,0.0,0.0,0.0,0.0,0.0,0.0,0.0,0.0,0.0,0.0,0.0,0.0,0.0,0.0,0.0,0.0,0.0,0.0,0.0,0.0,0.0,0.0,2021,2464,0.0,0.0,0.0,0.0,0.0,0.0,0.0,0.0,0.0,0.0,0.0,0.0,0.0,0.0,0.0,0.0,0.0,0.0,0.0,0.0,0.0,0.0,0.0,0.0,0.0,0.0,0.0,0.0,0.0,0.0,0.0,0.0,0.0,0.0,0.0,0.0,0.0,0.0,0.0,0.0,0.0,0.0,0.0,0.0,0.0,0.0,0.0,0.0,0.0,0.0,0.0,0.0,0.0,0.0,0.0,0.0,0.0,0.0,0.0,0.0,0.0,0.0,0.0,0.0,0.0,0.0
2021A00032465,0.0,0.0,4220000.0,0.0,780000.0,0.0,0.0,0.0,0.0,0.0,0.0,0.0,780000.0,610000.0,1660000.0,0.0,0.0,0.0,0.0,0.0,3110000.0,0.0,2021,2465,3172200.0,7613.28,7613.28,0.0,0.0,0.0,0.0,0.0,0.0,0.0,0.0,0.0,0.0,0.0,0.0,2971800.0,1188.72,1188.72,0.0,0.0,0.0,5612600.0,3086.93,3086.93,0.0,0.0,0.0,0.0,0.0,0.0,0.0,0.0,0.0,0.0,0.0,0.0,0.0,0.0,0.0,2976800.0,1786.08,1786.08,0.0,0.0,0.0,0.0,0.0,0.0,1942200.0000000002,1553.7600000000002,1553.7600000000002,0.0,0.0,0.0,5212400.0,6254.88,6254.88,0.0,0.0,0.0,0.0,0.0,0.0,0.0,0.0,0.0
2021A00032466,0.0,0.0,0.0,0.0,0.0,0.0,0.0,0.0,0.0,0.0,860000.0,0.0,0.0,0.0,0.0,0.0,0.0,0.0,0.0,0.0,720000.0,0.0,2021,2466,734400.0,1762.56,1762.56,0.0,0.0,0.0,0.0,0.0,0.0,0.0,0.0,0.0,533200.0,1386.32,1386.32,0.0,0.0,0.0,0.0,0.0,0.0,0.0,0.0,0.0,0.0,0.0,0.0,0.0,0.0,0.0,0.0,0.0,0.0,0.0,0.0,0.0,0.0,0.0,0.0,0.0,0.0,0.0,0.0,0.0,0.0,0.0,0.0,0.0,0.0,0.0,0.0,0.0,0.0,0.0,0.0,0.0,0.0,0.0,0.0,0.0,0.0,0.0,0.0,0.0,0.0,0.0
2021A00032467,0.0,0.0,6140000.0,0.0,70000.0,0.0,720000.0,640000.0,0.0,100000.0,0.0,0.0,1280000.0,0.0,1440000.0,0.0,0.0,0.0,0.0,0.0,0.0,300000.0,2021,2467,0.0,0.0,0.0,708000.0,283.2,283.2,0.0,0.0,0.0,0.0,0.0,0.0,0.0,0.0,0.0,266700.0,106.68,106.68,1339200.0,575.856,575.856,8166200.0,4491.41,4491.41,0.0,0.0,0.0,0.0,0.0,0.0,0.0,0.0,0.0,0.0,0.0,0.0,0.0,0.0,0.0,0.0,0.0,0.0,26500.0,42.4,42.4,2214400.0,1992.96,1992.96,3187200.0000000005,2549.76,2549.76,0.0,0.0,0.0,4521600.0,5425.92,5425.92,0.0,0.0,0.0,0.0,0.0,0.0,0.0,0.0,0.0
2021A00032468,180000.0,2470000.0,2500000.0,0.0,4300000.0,12590000.0,240000.0,3320000.0,1270000.0,380000.0,7780000.0,2210000.0,21470000.0,20080000.0,0.0,0.0,4940000.0,350000.0,3030000.0,1550000.0,3950000.0,580000.0,2021,2468,4029000.0,9669.6,9669.6,1368800.0,547.52,547.52,4025900.0,2818.13,2818.13,1016600.0,4066.4,4066.4,4823600.0,12541.36,12541.36,16383000.0,6553.2,6553.2,446400.0,191.95199999999997,191.95199999999997,3325000.0,1828.75,1828.75,0.0,0.0,0.0,43057800.0,17223.12,17223.12,1162000.0,639.1,639.1,3705.0,1.4820000000000002,1.4820000000000002,8694400.0,1738.88,1738.88,97990400.0,58794.24,58794.24,100700.0,161.12,161.12,11487200.0,10338.48,10338.48,53460300.00000001,42768.24000000001,42768.24000000001,2999700.0,1499.85,1499.85,0.0,0.0,0.0,0.0,0.0,0.0,2325000.0,883.5,883.5,54000.0,27.0,27.0
2021A00032469,0.0,0.0,0.0,200000.0,0.0,0.0,0.0,0.0,0.0,0.0,0.0,2360000.0,0.0,0.0,0.0,0.0,0.0,0.0,0.0,0.0,2910000.0,0.0,2021,2469,2968200.0,7123.68,7123.68,0.0,0.0,0.0,0.0,0.0,0.0,1085600.0,4342.4,4342.4,0.0,0.0,0.0,0.0,0.0,0.0,0.0,0.0,0.0,0.0,0.0,0.0,208000.0,116.48,116.48,0.0,0.0,0.0,0.0,0.0,0.0,0.0,0.0,0.0,0.0,0.0,0.0,0.0,0.0,0.0,0.0,0.0,0.0,0.0,0.0,0.0,0.0,0.0,0.0,0.0,0.0,0.0,0.0,0.0,0.0,0.0,0.0,0.0,0.0,0.0,0.0,0.0,0.0,0.0
2021A00032470,0.0,0.0,0.0,0.0,830000.0,0.0,0.0,0.0,0.0,0.0,1400000.0,2120000.0,0.0,0.0,0.0,0.0,0.0,0.0,0.0,0.0,1480000.0,360000.0,2021,2470,1509600.0,3623.04,3623.04,849600.0,339.84,339.84,0.0,0.0,0.0,975200.0,3900.8,3900.8,868000.0,2256.8,2256.8,3162300.0,1264.92,1264.92,0.0,0.0,0.0,0.0,0.0,0.0,0.0,0.0,0.0,0.0,0.0,0.0,0.0,0.0,0.0,0.0,0.0,0.0,0.0,0.0,0.0,0.0,0.0,0.0,0.0,0.0,0.0,0.0,0.0,0.0,0.0,0.0,0.0,0.0,0.0,0.0,0.0,0.0,0.0,0.0,0.0,0.0,0.0,0.0,0.0,0.0,0.0,0.0
2021A00032471,80000.0,0.0,0.0,0.0,1980000.0,0.0,280000.0,0.0,0.0,0.0,1490000.0,7390000.0,0.0,0.0,0.0,1140000.0,0.0,0.0,0.0,0.0,12380000.0,0.0,2021,2471,12627600.0,30306.24,30306.24,0.0,0.0,0.0,0.0,0.0,0.0,3399400.0,13597.6,13597.6,923800.0,2401.88,2401.88,7543800.0,3017.52,3017.52,520800.0,223.944,223.944,0.0,0.0,0.0,0.0,0.0,0.0,0.0,0.0,0.0,0.0,0.0,0.0,0.0,0.0,0.0,0.0,0.0,0.0,0.0,0.0,0.0,0.0,0.0,0.0,0.0,0.0,0.0,0.0,0.0,0.0,0.0,0.0,0.0,0.0,0.0,0.0,2200200.0,25742.34,25742.34,0.0,0.0,0.0,24000.0,12.0,12.0
2021A00032472,0.0,0.0,0.0,280000.0,3560000.0,0.0,2970000.0,230000.0,590000.0,0.0,0.0,0.0,640000.0,0.0,360000.0,700000.0,210000.0,0.0,0.0,1930000.0,3540000.0,740000.0,2021,2472,3610800.0,8665.92,8665.92,1746400.0,698.56,698.56,1870300.0,1309.21,1309.21,0.0,0.0,0.0,0.0,0.0,0.0,13563600.0,5425.44,5425.44,5524200.0,2375.406,2375.406,0.0,0.0,0.0,291200.0,163.072,163.072,0.0,0.0,0.0,0.0,0.0,0.0,0.0,0.0,0.0,369600.0,73.92,73.92,0.0,0.0,0.0,0.0,0.0,0.0,795800.0,716.22,716.22,1593600.0000000002,1274.88,1274.88,0.0,0.0,0.0,1130400.0,1356.48,1356.48,1351000.0,15806.7,15806.7,2895000.0,1100.1,1100.1,0.0,0.0,0.0
2021A00032473,0.0,410000.0,0.0,0.0,0.0,0.0,0.0,0.0,0.0,0.0,0.0,0.0,0.0,0.0,0.0,320000.0,0.0,0.0,0.0,0.0,0.0,0.0,2021,2473,0.0,0.0,0.0,0.0,0.0,0.0,0.0,0.0,0.0,0.0,0.0,0.0,0.0,0.0,0.0,0.0,0.0,0.0,0.0,0.0,0.0,0.0,0.0,0.0,0.0,0.0,0.0,0.0,0.0,0.0,0.0,0.0,0.0,615.0,0.24600000000000002,0.24600000000000002,0.0,0.0,0.0,0.0,0.0,0.0,0.0,0.0,0.0,0.0,0.0,0.0,0.0,0.0,0.0,0.0,0.0,0.0,0.0,0.0,0.0,617600.0,7225.92,7225.92,0.0,0.0,0.0,0.0,0.0,0.0
2021A00032474,0.0,0.0,0.0,240000.0,1710000.0,0.0,950000.0,0.0,0.0,0.0,0.0,0.0,0.0,0.0,150000.0,0.0,0.0,0.0,0.0,420000.0,1060000.0,0.0,2021,2474,1081200.0,2594.88,2594.88,0.0,0.0,0.0,0.0,0.0,0.0,0.0,0.0,0.0,0.0,0.0,0.0,6515100.0,2606.04,2606.04,1767000.0,759.81,759.81,0.0,0.0,0.0,249600.0,139.776,139.776,0.0,0.0,0.0,0.0,0.0,0.0,0.0,0.0,0.0,0.0,0.0,0.0,0.0,0.0,0.0,0.0,0.0,0.0,0.0,0.0,0.0,0.0,0.0,0.0,0.0,0.0,0.0,471000.0,565.2,565.2,0.0,0.0,0.0,630000.0,239.4,239.4,0.0,0.0,0.0
2021A00032475,0.0,0.0,0.0,0.0,0.0,0.0,0.0,0.0,0.0,0.0,0.0,0.0,0.0,0.0,0.0,0.0,0.0,0.0,0.0,0.0,0.0,0.0,2021,2475,0.0,0.0,0.0,0.0,0.0,0.0,0.0,0.0,0.0,0.0,0.0,0.0,0.0,0.0,0.0,0.0,0.0,0.0,0.0,0.0,0.0,0.0,0.0,0.0,0.0,0.0,0.0,0.0,0.0,0.0,0.0,0.0,0.0,0.0,0.0,0.0,0.0,0.0,0.0,0.0,0.0,0.0,0.0,0.0,0.0,0.0,0.0,0.0,0.0,0.0,0.0,0.0,0.0,0.0,0.0,0.0,0.0,0.0,0.0,0.0,0.0,0.0,0.0,0.0,0.0,0.0
2021A00032476,0.0,0.0,0.0,0.0,0.0,0.0,0.0,0.0,0.0,0.0,0.0,0.0,0.0,0.0,0.0,0.0,0.0,0.0,0.0,0.0,0.0,0.0,2021,2476,0.0,0.0,0.0,0.0,0.0,0.0,0.0,0.0,0.0,0.0,0.0,0.0,0.0,0.0,0.0,0.0,0.0,0.0,0.0,0.0,0.0,0.0,0.0,0.0,0.0,0.0,0.0,0.0,0.0,0.0,0.0,0.0,0.0,0.0,0.0,0.0,0.0,0.0,0.0,0.0,0.0,0.0,0.0,0.0,0.0,0.0,0.0,0.0,0.0,0.0,0.0,0.0,0.0,0.0,0.0,0.0,0.0,0.0,0.0,0.0,0.0,0.0,0.0,0.0,0.0,0.0
2021A00032477,0.0,0.0,0.0,0.0,0.0,0.0,0.0,0.0,0.0,0.0,0.0,0.0,0.0,0.0,0.0,0.0,0.0,0.0,0.0,0.0,0.0,0.0,2021,2477,0.0,0.0,0.0,0.0,0.0,0.0,0.0,0.0,0.0,0.0,0.0,0.0,0.0,0.0,0.0,0.0,0.0,0.0,0.0,0.0,0.0,0.0,0.0,0.0,0.0,0.0,0.0,0.0,0.0,0.0,0.0,0.0,0.0,0.0,0.0,0.0,0.0,0.0,0.0,0.0,0.0,0.0,0.0,0.0,0.0,0.0,0.0,0.0,0.0,0.0,0.0,0.0,0.0,0.0,0.0,0.0,0.0,0.0,0.0,0.0,0.0,0.0,0.0,0.0,0.0,0.0
2021A00032478,0.0,0.0,0.0,0.0,0.0,0.0,0.0,0.0,0.0,0.0,0.0,0.0,0.0,0.0,0.0,0.0,0.0,0.0,0.0,0.0,0.0,0.0,2021,2478,0.0,0.0,0.0,0.0,0.0,0.0,0.0,0.0,0.0,0.0,0.0,0.0,0.0,0.0,0.0,0.0,0.0,0.0,0.0,0.0,0.0,0.0,0.0,0.0,0.0,0.0,0.0,0.0,0.0,0.0,0.0,0.0,0.0,0.0,0.0,0.0,0.0,0.0,0.0,0.0,0.0,0.0,0.0,0.0,0.0,0.0,0.0,0.0,0.0,0.0,0.0,0.0,0.0,0.0,0.0,0.0,0.0,0.0,0.0,0.0,0.0,0.0,0.0,0.0,0.0,0.0
2021A00032479,0.0,0.0,0.0,0.0,0.0,770000.0,0.0,0.0,0.0,110000.0,0.0,0.0,0.0,0.0,0.0,0.0,0.0,0.0,0.0,0.0,0.0,0.0,2021,2479,0.0,0.0,0.0,0.0,0.0,0.0,0.0,0.0,0.0,0.0,0.0,0.0,0.0,0.0,0.0,0.0,0.0,0.0,0.0,0.0,0.0,0.0,0.0,0.0,0.0,0.0,0.0,2633400.0,1053.36,1053.36,0.0,0.0,0.0,0.0,0.0,0.0,0.0,0.0,0.0,0.0,0.0,0.0,29150.0,46.64,46.64,0.0,0.0,0.0,0.0,0.0,0.0,0.0,0.0,0.0,0.0,0.0,0.0,0.0,0.0,0.0,0.0,0.0,0.0,0.0,0.0,0.0
2021A00032480,0.0,0.0,0.0,0.0,20000.0,0.0,0.0,0.0,0.0,0.0,0.0,0.0,0.0,0.0,0.0,0.0,0.0,0.0,0.0,0.0,0.0,0.0,2021,2480,0.0,0.0,0.0,0.0,0.0,0.0,0.0,0.0,0.0,0.0,0.0,0.0,0.0,0.0,0.0,76200.0,30.48,30.48,0.0,0.0,0.0,0.0,0.0,0.0,0.0,0.0,0.0,0.0,0.0,0.0,0.0,0.0,0.0,0.0,0.0,0.0,0.0,0.0,0.0,0.0,0.0,0.0,0.0,0.0,0.0,0.0,0.0,0.0,0.0,0.0,0.0,0.0,0.0,0.0,0.0,0.0,0.0,0.0,0.0,0.0,0.0,0.0,0.0,0.0,0.0,0.0
2021A00032481,0.0,0.0,0.0,0.0,0.0,0.0,0.0,0.0,0.0,0.0,0.0,0.0,0.0,0.0,0.0,0.0,0.0,0.0,0.0,0.0,0.0,0.0,2021,2481,0.0,0.0,0.0,0.0,0.0,0.0,0.0,0.0,0.0,0.0,0.0,0.0,0.0,0.0,0.0,0.0,0.0,0.0,0.0,0.0,0.0,0.0,0.0,0.0,0.0,0.0,0.0,0.0,0.0,0.0,0.0,0.0,0.0,0.0,0.0,0.0,0.0,0.0,0.0,0.0,0.0,0.0,0.0,0.0,0.0,0.0,0.0,0.0,0.0,0.0,0.0,0.0,0.0,0.0,0.0,0.0,0.0,0.0,0.0,0.0,0.0,0.0,0.0,0.0,0.0,0.0
2021A00032482,0.0,0.0,0.0,0.0,30000.0,0.0,0.0,0.0,0.0,0.0,0.0,0.0,0.0,0.0,0.0,0.0,0.0,0.0,0.0,0.0,0.0,0.0,2021,2482,0.0,0.0,0.0,0.0,0.0,0.0,0.0,0.0,0.0,0.0,0.0,0.0,0.0,0.0,0.0,114300.0,45.72,45.72,0.0,0.0,0.0,0.0,0.0,0.0,0.0,0.0,0.0,0.0,0.0,0.0,0.0,0.0,0.0,0.0,0.0,0.0,0.0,0.0,0.0,0.0,0.0,0.0,0.0,0.0,0.0,0.0,0.0,0.0,0.0,0.0,0.0,0.0,0.0,0.0,0.0,0.0,0.0,0.0,0.0,0.0,0.0,0.0,0.0,0.0,0.0,0.0
2021A00032483,0.0,0.0,0.0,0.0,0.0,0.0,0.0,0.0,0.0,0.0,0.0,0.0,0.0,0.0,0.0,0.0,0.0,0.0,0.0,0.0,0.0,0.0,2021,2483,0.0,0.0,0.0,0.0,0.0,0.0,0.0,0.0,0.0,0.0,0.0,0.0,0.0,0.0,0.0,0.0,0.0,0.0,0.0,0.0,0.0,0.0,0.0,0.0,0.0,0.0,0.0,0.0,0.0,0.0,0.0,0.0,0.0,0.0,0.0,0.0,0.0,0.0,0.0,0.0,0.0,0.0,0.0,0.0,0.0,0.0,0.0,0.0,0.0,0.0,0.0,0.0,0.0,0.0,0.0,0.0,0.0,0.0,0.0,0.0,0.0,0.0,0.0,0.0,0.0,0.0
2021A00032484,0.0,0.0,0.0,0.0,20000.0,0.0,0.0,0.0,0.0,0.0,0.0,0.0,0.0,0.0,0.0,0.0,0.0,0.0,20000.0,0.0,0.0,0.0,2021,2484,0.0,0.0,0.0,0.0,0.0,0.0,0.0,0.0,0.0,0.0,0.0,0.0,0.0,0.0,0.0,76200.0,30.48,30.48,0.0,0.0,0.0,0.0,0.0,0.0,0.0,0.0,0.0,0.0,0.0,0.0,0.0,0.0,0.0,0.0,0.0,0.0,0.0,0.0,0.0,0.0,0.0,0.0,0.0,0.0,0.0,0.0,0.0,0.0,0.0,0.0,0.0,19800.0,9.9,9.9,0.0,0.0,0.0,0.0,0.0,0.0,0.0,0.0,0.0,0.0,0.0,0.0
2021A00032485,0.0,0.0,0.0,0.0,0.0,0.0,0.0,0.0,0.0,0.0,0.0,0.0,0.0,0.0,0.0,0.0,0.0,0.0,0.0,0.0,0.0,0.0,2021,2485,0.0,0.0,0.0,0.0,0.0,0.0,0.0,0.0,0.0,0.0,0.0,0.0,0.0,0.0,0.0,0.0,0.0,0.0,0.0,0.0,0.0,0.0,0.0,0.0,0.0,0.0,0.0,0.0,0.0,0.0,0.0,0.0,0.0,0.0,0.0,0.0,0.0,0.0,0.0,0.0,0.0,0.0,0.0,0.0,0.0,0.0,0.0,0.0,0.0,0.0,0.0,0.0,0.0,0.0,0.0,0.0,0.0,0.0,0.0,0.0,0.0,0.0,0.0,0.0,0.0,0.0
2021A00032486,0.0,0.0,0.0,0.0,0.0,0.0,0.0,0.0,0.0,0.0,0.0,250000.0,0.0,0.0,0.0,0.0,0.0,0.0,0.0,0.0,0.0,0.0,2021,2486,0.0,0.0,0.0,0.0,0.0,0.0,0.0,0.0,0.0,115000.0,460.0,460.0,0.0,0.0,0.0,0.0,0.0,0.0,0.0,0.0,0.0,0.0,0.0,0.0,0.0,0.0,0.0,0.0,0.0,0.0,0.0,0.0,0.0,0.0,0.0,0.0,0.0,0.0,0.0,0.0,0.0,0.0,0.0,0.0,0.0,0.0,0.0,0.0,0.0,0.0,0.0,0.0,0.0,0.0,0.0,0.0,0.0,0.0,0.0,0.0,0.0,0.0,0.0,0.0,0.0,0.0
2021A00032487,0.0,0.0,0.0,0.0,0.0,0.0,0.0,0.0,0.0,0.0,0.0,0.0,0.0,0.0,0.0,0.0,0.0,0.0,0.0,0.0,0.0,0.0,2021,2487,0.0,0.0,0.0,0.0,0.0,0.0,0.0,0.0,0.0,0.0,0.0,0.0,0.0,0.0,0.0,0.0,0.0,0.0,0.0,0.0,0.0,0.0,0.0,0.0,0.0,0.0,0.0,0.0,0.0,0.0,0.0,0.0,0.0,0.0,0.0,0.0,0.0,0.0,0.0,0.0,0.0,0.0,0.0,0.0,0.0,0.0,0.0,0.0,0.0,0.0,0.0,0.0,0.0,0.0,0.0,0.0,0.0,0.0,0.0,0.0,0.0,0.0,0.0,0.0,0.0,0.0
2021A00032488,0.0,0.0,0.0,0.0,0.0,0.0,0.0,0.0,0.0,0.0,0.0,0.0,0.0,0.0,0.0,0.0,0.0,0.0,0.0,0.0,0.0,0.0,2021,2488,0.0,0.0,0.0,0.0,0.0,0.0,0.0,0.0,0.0,0.0,0.0,0.0,0.0,0.0,0.0,0.0,0.0,0.0,0.0,0.0,0.0,0.0,0.0,0.0,0.0,0.0,0.0,0.0,0.0,0.0,0.0,0.0,0.0,0.0,0.0,0.0,0.0,0.0,0.0,0.0,0.0,0.0,0.0,0.0,0.0,0.0,0.0,0.0,0.0,0.0,0.0,0.0,0.0,0.0,0.0,0.0,0.0,0.0,0.0,0.0,0.0,0.0,0.0,0.0,0.0,0.0
2021A00032489,0.0,0.0,0.0,0.0,0.0,0.0,0.0,0.0,0.0,80000.0,0.0,0.0,0.0,0.0,0.0,0.0,0.0,0.0,0.0,0.0,0.0,0.0,2021,2489,0.0,0.0,0.0,0.0,0.0,0.0,0.0,0.0,0.0,0.0,0.0,0.0,0.0,0.0,0.0,0.0,0.0,0.0,0.0,0.0,0.0,0.0,0.0,0.0,0.0,0.0,0.0,0.0,0.0,0.0,0.0,0.0,0.0,0.0,0.0,0.0,0.0,0.0,0.0,0.0,0.0,0.0,21200.0,33.92,33.92,0.0,0.0,0.0,0.0,0.0,0.0,0.0,0.0,0.0,0.0,0.0,0.0,0.0,0.0,0.0,0.0,0.0,0.0,0.0,0.0,0.0
2021A00032490,0.0,0.0,0.0,0.0,0.0,0.0,0.0,0.0,0.0,0.0,0.0,0.0,0.0,0.0,0.0,0.0,0.0,0.0,0.0,0.0,0.0,0.0,2021,2490,0.0,0.0,0.0,0.0,0.0,0.0,0.0,0.0,0.0,0.0,0.0,0.0,0.0,0.0,0.0,0.0,0.0,0.0,0.0,0.0,0.0,0.0,0.0,0.0,0.0,0.0,0.0,0.0,0.0,0.0,0.0,0.0,0.0,0.0,0.0,0.0,0.0,0.0,0.0,0.0,0.0,0.0,0.0,0.0,0.0,0.0,0.0,0.0,0.0,0.0,0.0,0.0,0.0,0.0,0.0,0.0,0.0,0.0,0.0,0.0,0.0,0.0,0.0,0.0,0.0,0.0
2021A00032491,0.0,0.0,0.0,0.0,0.0,0.0,0.0,0.0,0.0,0.0,0.0,0.0,0.0,0.0,0.0,0.0,0.0,0.0,0.0,0.0,0.0,0.0,2021,2491,0.0,0.0,0.0,0.0,0.0,0.0,0.0,0.0,0.0,0.0,0.0,0.0,0.0,0.0,0.0,0.0,0.0,0.0,0.0,0.0,0.0,0.0,0.0,0.0,0.0,0.0,0.0,0.0,0.0,0.0,0.0,0.0,0.0,0.0,0.0,0.0,0.0,0.0,0.0,0.0,0.0,0.0,0.0,0.0,0.0,0.0,0.0,0.0,0.0,0.0,0.0,0.0,0.0,0.0,0.0,0.0,0.0,0.0,0.0,0.0,0.0,0.0,0.0,0.0,0.0,0.0
2021A00032492,0.0,0.0,0.0,0.0,0.0,0.0,0.0,0.0,0.0,0.0,0.0,0.0,0.0,0.0,0.0,0.0,0.0,0.0,0.0,0.0,0.0,0.0,2021,2492,0.0,0.0,0.0,0.0,0.0,0.0,0.0,0.0,0.0,0.0,0.0,0.0,0.0,0.0,0.0,0.0,0.0,0.0,0.0,0.0,0.0,0.0,0.0,0.0,0.0,0.0,0.0,0.0,0.0,0.0,0.0,0.0,0.0,0.0,0.0,0.0,0.0,0.0,0.0,0.0,0.0,0.0,0.0,0.0,0.0,0.0,0.0,0.0,0.0,0.0,0.0,0.0,0.0,0.0,0.0,0.0,0.0,0.0,0.0,0.0,0.0,0.0,0.0,0.0,0.0,0.0
2021A00032493,0.0,0.0,0.0,0.0,0.0,0.0,0.0,0.0,0.0,0.0,0.0,0.0,0.0,0.0,0.0,0.0,0.0,0.0,0.0,0.0,0.0,0.0,2021,2493,0.0,0.0,0.0,0.0,0.0,0.0,0.0,0.0,0.0,0.0,0.0,0.0,0.0,0.0,0.0,0.0,0.0,0.0,0.0,0.0,0.0,0.0,0.0,0.0,0.0,0.0,0.0,0.0,0.0,0.0,0.0,0.0,0.0,0.0,0.0,0.0,0.0,0.0,0.0,0.0,0.0,0.0,0.0,0.0,0.0,0.0,0.0,0.0,0.0,0.0,0.0,0.0,0.0,0.0,0.0,0.0,0.0,0.0,0.0,0.0,0.0,0.0,0.0,0.0,0.0,0.0
2021A00032494,0.0,0.0,0.0,0.0,0.0,760000.0,0.0,0.0,0.0,190000.0,0.0,0.0,0.0,0.0,0.0,0.0,0.0,0.0,0.0,0.0,0.0,0.0,2021,2494,0.0,0.0,0.0,0.0,0.0,0.0,0.0,0.0,0.0,0.0,0.0,0.0,0.0,0.0,0.0,0.0,0.0,0.0,0.0,0.0,0.0,0.0,0.0,0.0,0.0,0.0,0.0,2599200.0,1039.68,1039.68,0.0,0.0,0.0,0.0,0.0,0.0,0.0,0.0,0.0,0.0,0.0,0.0,50350.0,80.56,80.56,0.0,0.0,0.0,0.0,0.0,0.0,0.0,0.0,0.0,0.0,0.0,0.0,0.0,0.0,0.0,0.0,0.0,0.0,0.0,0.0,0.0
2021A00032495,0.0,0.0,0.0,0.0,0.0,0.0,0.0,0.0,0.0,0.0,0.0,0.0,0.0,0.0,0.0,0.0,0.0,0.0,0.0,0.0,0.0,0.0,2021,2495,0.0,0.0,0.0,0.0,0.0,0.0,0.0,0.0,0.0,0.0,0.0,0.0,0.0,0.0,0.0,0.0,0.0,0.0,0.0,0.0,0.0,0.0,0.0,0.0,0.0,0.0,0.0,0.0,0.0,0.0,0.0,0.0,0.0,0.0,0.0,0.0,0.0,0.0,0.0,0.0,0.0,0.0,0.0,0.0,0.0,0.0,0.0,0.0,0.0,0.0,0.0,0.0,0.0,0.0,0.0,0.0,0.0,0.0,0.0,0.0,0.0,0.0,0.0,0.0,0.0,0.0
2021A00032496,0.0,0.0,0.0,0.0,0.0,0.0,0.0,0.0,0.0,0.0,0.0,0.0,0.0,0.0,0.0,0.0,0.0,0.0,0.0,0.0,0.0,0.0,2021,2496,0.0,0.0,0.0,0.0,0.0,0.0,0.0,0.0,0.0,0.0,0.0,0.0,0.0,0.0,0.0,0.0,0.0,0.0,0.0,0.0,0.0,0.0,0.0,0.0,0.0,0.0,0.0,0.0,0.0,0.0,0.0,0.0,0.0,0.0,0.0,0.0,0.0,0.0,0.0,0.0,0.0,0.0,0.0,0.0,0.0,0.0,0.0,0.0,0.0,0.0,0.0,0.0,0.0,0.0,0.0,0.0,0.0,0.0,0.0,0.0,0.0,0.0,0.0,0.0,0.0,0.0
2021A00032497,0.0,0.0,0.0,0.0,0.0,0.0,0.0,0.0,0.0,0.0,0.0,0.0,0.0,0.0,0.0,0.0,0.0,0.0,10000.0,0.0,0.0,0.0,2021,2497,0.0,0.0,0.0,0.0,0.0,0.0,0.0,0.0,0.0,0.0,0.0,0.0,0.0,0.0,0.0,0.0,0.0,0.0,0.0,0.0,0.0,0.0,0.0,0.0,0.0,0.0,0.0,0.0,0.0,0.0,0.0,0.0,0.0,0.0,0.0,0.0,0.0,0.0,0.0,0.0,0.0,0.0,0.0,0.0,0.0,0.0,0.0,0.0,0.0,0.0,0.0,9900.0,4.95,4.95,0.0,0.0,0.0,0.0,0.0,0.0,0.0,0.0,0.0,0.0,0.0,0.0
2021A00032498,0.0,0.0,0.0,0.0,0.0,0.0,0.0,0.0,0.0,0.0,0.0,0.0,0.0,0.0,0.0,0.0,0.0,0.0,0.0,0.0,0.0,0.0,2021,2498,0.0,0.0,0.0,0.0,0.0,0.0,0.0,0.0,0.0,0.0,0.0,0.0,0.0,0.0,0.0,0.0,0.0,0.0,0.0,0.0,0.0,0.0,0.0,0.0,0.0,0.0,0.0,0.0,0.0,0.0,0.0,0.0,0.0,0.0,0.0,0.0,0.0,0.0,0.0,0.0,0.0,0.0,0.0,0.0,0.0,0.0,0.0,0.0,0.0,0.0,0.0,0.0,0.0,0.0,0.0,0.0,0.0,0.0,0.0,0.0,0.0,0.0,0.0,0.0,0.0,0.0
2021A00032499,0.0,0.0,0.0,0.0,0.0,0.0,0.0,0.0,0.0,0.0,0.0,0.0,0.0,0.0,0.0,0.0,0.0,0.0,0.0,0.0,0.0,0.0,2021,2499,0.0,0.0,0.0,0.0,0.0,0.0,0.0,0.0,0.0,0.0,0.0,0.0,0.0,0.0,0.0,0.0,0.0,0.0,0.0,0.0,0.0,0.0,0.0,0.0,0.0,0.0,0.0,0.0,0.0,0.0,0.0,0.0,0.0,0.0,0.0,0.0,0.0,0.0,0.0,0.0,0.0,0.0,0.0,0.0,0.0,0.0,0.0,0.0,0.0,0.0,0.0,0.0,0.0,0.0,0.0,0.0,0.0,0.0,0.0,0.0,0.0,0.0,0.0,0.0,0.0,0.0
