CD,ChickensBroilers,ChickensPullets,ChickensLayers,TurkeysMature,ChickensBroilers_AU,ChickensPullets_AU,ChickensLayers_AU,TurkeysMature_AU,PoultryAnimalUnits,ChickensBroilers_Manure_kgperyear,ChickensPullets_Manure_kgperyear,ChickensLayers_Manure_kgperyear,TurkeysMature_Manure_kgperyear,PoultryManure_kgperyear,ChickensBroilers_P_kgperyear,ChickensPullets_P_kgperyear,ChickensLayers_P_kgperyear,TurkeysMature_P_kgperyear,PoultryP_kgperyear,ChickensBroilers_Pinorg_kgperyear,ChickensPullets_Pinorg_kgperyear,ChickensLayers_Pinorg_kgperyear,TurkeysMature_Pinorg_kgperyear,PoultryPinorg_kgperyear,ChickensBroilers_Porg_kgperyear,ChickensPullets_Porg_kgperyear,ChickensLayers_Porg_kgperyear,TurkeysMature_Porg_kgperyear,PoultryPorg_kgperyear
2401,0.0,0.0,6500.0,0.0,0.0,0.0,26.0,0.0,26.0,0.0,0.0,270067.4859999998,0.0,270067.4859999998,0.0,0.0,1563.5486031578946,0.0,1563.5486031578946,0.0,0.0,891.2227037999999,0.0,891.2227037999999,0.0,0.0,672.3258993578946,0.0,672.3258993578946
2402,0.0,0.0,0.0,0.0,0.0,0.0,0.0,0.0,0.0,0.0,0.0,0.0,0.0,0.0,0.0,0.0,0.0,0.0,0.0,0.0,0.0,0.0,0.0,0.0,0.0,0.0,0.0,0.0,0.0
2403,0.0,0.0,0.0,0.0,0.0,0.0,0.0,0.0,0.0,0.0,0.0,0.0,0.0,0.0,0.0,0.0,0.0,0.0,0.0,0.0,0.0,0.0,0.0,0.0,0.0,0.0,0.0,0.0,0.0
2404,0.0,0.0,0.0,0.0,0.0,0.0,0.0,0.0,0.0,0.0,0.0,0.0,0.0,0.0,0.0,0.0,0.0,0.0,0.0,0.0,0.0,0.0,0.0,0.0,0.0,0.0,0.0,0.0,0.0
2405,0.0,0.0,0.0,0.0,0.0,0.0,0.0,0.0,0.0,0.0,0.0,0.0,0.0,0.0,0.0,0.0,0.0,0.0,0.0,0.0,0.0,0.0,0.0,0.0,0.0,0.0,0.0,0.0,0.0
2406,0.0,0.0,0.0,0.0,0.0,0.0,0.0,0.0,0.0,0.0,0.0,0.0,0.0,0.0,0.0,0.0,0.0,0.0,0.0,0.0,0.0,0.0,0.0,0.0,0.0,0.0,0.0,0.0,0.0
2407,33765.4,0.0,0.0,0.0,74.20967032967033,0.0,0.0,0.0,74.20967032967033,1007803.2850831656,0.0,0.0,0.0,1007803.2850831656,3206.646816173707,0.0,0.0,0.0,3206.646816173707,1827.788685219013,0.0,0.0,0.0,1827.788685219013,1378.858130954694,0.0,0.0,0.0,1378.858130954694
2408,0.0,0.0,0.0,0.0,0.0,0.0,0.0,0.0,0.0,0.0,0.0,0.0,0.0,0.0,0.0,0.0,0.0,0.0,0.0,0.0,0.0,0.0,0.0,0.0,0.0,0.0,0.0,0.0,0.0
2409,0.0,0.0,0.0,0.0,0.0,0.0,0.0,0.0,0.0,0.0,0.0,0.0,0.0,0.0,0.0,0.0,0.0,0.0,0.0,0.0,0.0,0.0,0.0,0.0,0.0,0.0,0.0,0.0,0.0
2410,0.0,0.0,25296.0,0.0,0.0,0.0,101.184,0.0,101.184,0.0,0.0,1051019.557823999,0.0,1051019.557823999,0.0,0.0,6084.85007161263,0.0,6084.85007161263,0.0,0.0,3468.3645408191987,0.0,3468.3645408191987,0.0,0.0,2616.485530793431,0.0,2616.485530793431
2411,0.0,0.0,0.0,0.0,0.0,0.0,0.0,0.0,0.0,0.0,0.0,0.0,0.0,0.0,0.0,0.0,0.0,0.0,0.0,0.0,0.0,0.0,0.0,0.0,0.0,0.0,0.0,0.0,0.0
2412,0.0,0.0,30507.0,0.0,0.0,0.0,122.028,0.0,122.028,0.0,0.0,1267530.583907999,0.0,1267530.583907999,0.0,0.0,7338.334959467367,0.0,7338.334959467367,0.0,0.0,4182.850926896399,0.0,4182.850926896399,0.0,0.0,3155.484032570968,0.0,3155.484032570968
2413,0.0,0.0,0.0,0.0,0.0,0.0,0.0,0.0,0.0,0.0,0.0,0.0,0.0,0.0,0.0,0.0,0.0,0.0,0.0,0.0,0.0,0.0,0.0,0.0,0.0,0.0,0.0,0.0,0.0
2414,0.0,0.0,0.0,0.0,0.0,0.0,0.0,0.0,0.0,0.0,0.0,0.0,0.0,0.0,0.0,0.0,0.0,0.0,0.0,0.0,0.0,0.0,0.0,0.0,0.0,0.0,0.0,0.0,0.0
2415,0.0,0.0,0.0,0.0,0.0,0.0,0.0,0.0,0.0,0.0,0.0,0.0,0.0,0.0,0.0,0.0,0.0,0.0,0.0,0.0,0.0,0.0,0.0,0.0,0.0,0.0,0.0,0.0,0.0
2416,245406.56000000003,30911.440000000002,51586.0,0.0,539.355076923077,67.93723076923078,206.344,0.0,813.6363076923078,7324703.316085669,512772.39111679926,2143338.666583998,0.0,9980814.373786466,23305.874187545298,2968.6822643604187,12408.802806538944,0.0,38683.35925844466,13284.348286900818,1692.1488906854386,7073.017599727198,0.0,22049.514777313456,10021.525900644478,1276.53337367498,5335.785206811746,0.0,16633.844481131204
2417,561257.04,28204.36,0.0,0.0,1233.5319560439561,61.9876043956044,0.0,0.0,1295.5195604395606,16751961.732662838,467866.17243062786,0.0,0.0,17219827.905093465,53301.696422109,2708.698893019426,0.0,0.0,56010.39531512843,30381.966960602127,1543.9583690210727,0.0,0.0,31925.9253296232,22919.72946150687,1164.7405239983532,0.0,0.0,24084.469985505224
2418,23126.120000000003,0.0,0.0,0.0,50.82663736263737,0.0,0.0,0.0,50.82663736263737,690250.365973082,0.0,0.0,0.0,690250.365973082,2196.2511644598053,0.0,0.0,0.0,2196.2511644598053,1251.863163742089,0.0,0.0,0.0,1251.863163742089,944.3880007177163,0.0,0.0,0.0,944.3880007177163
2419,550657.2000000001,73153.04000000001,104751.0,34204.0,1210.2356043956045,160.7759120879121,419.004,684.08,2474.0955164835163,16435585.987866212,1213494.3968402268,4352282.957843997,5659723.292927993,27661086.63547843,52295.04632502883,7025.493876443423,25197.42765067578,23582.18038719999,108100.14823934801,29808.17640526643,4004.5315095727506,14362.533760885195,14149.308232319994,62324.54990804437,22486.869919762397,3020.9623668706718,10834.893889790586,9432.872154879997,45775.598331303656
2420,3425.1600000000003,0.0,0.0,25600.0,7.527824175824176,0.0,0.0,512.0,519.5278241758242,102231.500291288,0.0,0.0,4236022.579199995,4338254.079491283,325.2820463813707,0.0,0.0,17650.094079999995,17975.376126381365,185.41076643738128,0.0,0.0,10590.056447999998,10775.467214437378,139.8712799439894,0.0,0.0,7060.037631999999,7199.908911943988
2421,0.0,0.0,0.0,0.0,0.0,0.0,0.0,0.0,0.0,0.0,0.0,0.0,0.0,0.0,0.0,0.0,0.0,0.0,0.0,0.0,0.0,0.0,0.0,0.0,0.0,0.0,0.0,0.0,0.0
2422,128554.68000000001,0.0,0.0,136520.0,282.53775824175824,0.0,0.0,2730.4,3012.9377582417583,3836999.6747207236,0.0,0.0,22589914.16063997,26426913.835360695,12208.635328656843,0.0,0.0,94124.64233599996,106333.27766465681,6958.9221373344,0.0,0.0,56474.78540159998,63433.70753893437,5249.713191322442,0.0,0.0,37649.856934399984,42899.57012572243
2423,0.0,0.0,0.0,0.0,0.0,0.0,0.0,0.0,0.0,0.0,0.0,0.0,0.0,0.0,0.0,0.0,0.0,0.0,0.0,0.0,0.0,0.0,0.0,0.0,0.0,0.0,0.0,0.0,0.0
2425,0.0,0.0,0.0,0.0,0.0,0.0,0.0,0.0,0.0,0.0,0.0,0.0,0.0,0.0,0.0,0.0,0.0,0.0,0.0,0.0,0.0,0.0,0.0,0.0,0.0,0.0,0.0,0.0,0.0
2426,1410426.76,80602.44,108078.0,20668.0,3099.839032967033,177.1482197802198,432.312,413.36,4122.659252747252,42097316.24968772,1337068.2792082264,4490515.961831996,3419926.3541759956,51344826.84490393,133946.00624900628,7740.921616468683,25997.72398955368,14249.693142399992,181934.34499742865,76349.22356193357,4412.325321387149,14818.702674045597,8549.815885439995,104130.0674428063,57596.7826870727,3328.5962950815338,11179.021315508082,5699.877256959997,77804.27755462231
2427,225923.2,0.0,0.0,0.0,496.53450549450554,0.0,0.0,0.0,496.53450549450554,6743179.205236754,0.0,0.0,0.0,6743179.205236754,21455.57019848057,0.0,0.0,0.0,21455.57019848057,12229.675013133925,0.0,0.0,0.0,12229.675013133925,9225.895185346646,0.0,0.0,0.0,9225.895185346646
2428,0.0,0.0,0.0,0.0,0.0,0.0,0.0,0.0,0.0,0.0,0.0,0.0,0.0,0.0,0.0,0.0,0.0,0.0,0.0,0.0,0.0,0.0,0.0,0.0,0.0,0.0,0.0,0.0,0.0
2429,224991.6,32295.24,96419.0,42000.0,494.487032967033,70.97854945054945,385.676,840.0,1791.1415824175824,6715373.536108489,535727.4664813706,4006097.9896359965,6949724.543999991,18206923.536225848,21367.097614890634,3101.580069102674,23193.198887366307,28957.185599999986,76619.0621713596,12179.245640487661,1767.900639388524,13220.123365798794,17374.311359999992,44541.581005674976,9187.851974402973,1333.6794297141498,9973.075521567513,11582.874239999996,32077.48116568463
2430,0.0,0.0,0.0,0.0,0.0,0.0,0.0,0.0,0.0,0.0,0.0,0.0,0.0,0.0,0.0,0.0,0.0,0.0,0.0,0.0,0.0,0.0,0.0,0.0,0.0,0.0,0.0,0.0,0.0
2431,0.0,0.0,0.0,0.0,0.0,0.0,0.0,0.0,0.0,0.0,0.0,0.0,0.0,0.0,0.0,0.0,0.0,0.0,0.0,0.0,0.0,0.0,0.0,0.0,0.0,0.0,0.0,0.0,0.0
2432,0.0,37066.8,0.0,0.0,0.0,81.46549450549452,0.0,0.0,81.46549450549452,0.0,614880.1759817135,0.0,0.0,614880.1759817135,0.0,3559.83259778887,0.0,0.0,3559.83259778887,0.0,2029.1045807396556,0.0,0.0,2029.1045807396556,0.0,1530.728017049214,0.0,0.0,1530.728017049214
2433,187778.6,0.0,0.0,0.0,412.7002197802198,0.0,0.0,0.0,412.7002197802198,5604668.979141895,0.0,0.0,0.0,5604668.979141895,17833.03766090602,0.0,0.0,0.0,17833.03766090602,10164.83146671643,0.0,0.0,0.0,10164.83146671643,7668.206194189588,0.0,0.0,0.0,7668.206194189588
2434,0.0,0.0,0.0,0.0,0.0,0.0,0.0,0.0,0.0,0.0,0.0,0.0,0.0,0.0,0.0,0.0,0.0,0.0,0.0,0.0,0.0,0.0,0.0,0.0,0.0,0.0,0.0,0.0,0.0
2435,0.0,0.0,0.0,0.0,0.0,0.0,0.0,0.0,0.0,0.0,0.0,0.0,0.0,0.0,0.0,0.0,0.0,0.0,0.0,0.0,0.0,0.0,0.0,0.0,0.0,0.0,0.0,0.0,0.0
2436,0.0,0.0,0.0,0.0,0.0,0.0,0.0,0.0,0.0,0.0,0.0,0.0,0.0,0.0,0.0,0.0,0.0,0.0,0.0,0.0,0.0,0.0,0.0,0.0,0.0,0.0,0.0,0.0,0.0
2437,108336.24,0.0,0.0,0.0,238.10162637362637,0.0,0.0,0.0,238.10162637362637,3233535.470201989,0.0,0.0,0.0,3233535.470201989,10288.521950642687,0.0,0.0,0.0,10288.521950642687,5864.4575118663315,0.0,0.0,0.0,5864.4575118663315,4424.064438776356,0.0,0.0,0.0,4424.064438776356
2438,309599.92000000004,0.0,0.0,0.0,680.4393846153847,0.0,0.0,0.0,680.4393846153847,9240696.584002716,0.0,0.0,0.0,9240696.584002716,29402.216403644994,0.0,0.0,0.0,29402.216403644994,16759.263350077646,0.0,0.0,0.0,16759.263350077646,12642.953053567348,0.0,0.0,0.0,12642.953053567348
2439,320299.04000000004,292117.80000000005,0.0,8456.0,703.9539340659342,642.017142857143,0.0,169.12,1515.0910769230773,9560035.560691843,4845776.928987422,0.0,1399211.2081919983,15805023.697871264,30418.294965837664,28054.4980099272,0.0,5830.046700799999,64302.839676564865,17338.428130527467,15991.063865658503,0.0,3498.028020479999,36827.52001666597,13079.866835310195,12063.434144268696,0.0,2332.0186803199995,27475.319659898887
2440,0.0,0.0,0.0,0.0,0.0,0.0,0.0,0.0,0.0,0.0,0.0,0.0,0.0,0.0,0.0,0.0,0.0,0.0,0.0,0.0,0.0,0.0,0.0,0.0,0.0,0.0,0.0,0.0,0.0
2441,0.0,0.0,0.0,0.0,0.0,0.0,0.0,0.0,0.0,0.0,0.0,0.0,0.0,0.0,0.0,0.0,0.0,0.0,0.0,0.0,0.0,0.0,0.0,0.0,0.0,0.0,0.0,0.0,0.0
2442,0.0,0.0,0.0,0.0,0.0,0.0,0.0,0.0,0.0,0.0,0.0,0.0,0.0,0.0,0.0,0.0,0.0,0.0,0.0,0.0,0.0,0.0,0.0,0.0,0.0,0.0,0.0,0.0,0.0
2443,0.0,0.0,0.0,0.0,0.0,0.0,0.0,0.0,0.0,0.0,0.0,0.0,0.0,0.0,0.0,0.0,0.0,0.0,0.0,0.0,0.0,0.0,0.0,0.0,0.0,0.0,0.0,0.0,0.0
2444,124283.6,0.0,0.0,0.0,273.15076923076924,0.0,0.0,0.0,273.15076923076924,3709519.815016619,0.0,0.0,0.0,3709519.815016619,11803.017593234692,0.0,0.0,0.0,11803.017593234692,6727.720028143774,0.0,0.0,0.0,6727.720028143774,5075.2975650909175,0.0,0.0,0.0,5075.2975650909175
2445,136884.68000000002,0.0,0.0,0.0,300.8454505494506,0.0,0.0,0.0,300.8454505494506,4085627.0081668794,0.0,0.0,0.0,4085627.0081668794,12999.722298712792,0.0,0.0,0.0,12999.722298712792,7409.841710266291,0.0,0.0,0.0,7409.841710266291,5589.8805884465,0.0,0.0,0.0,5589.8805884465
2446,664387.88,0.0,438316.0,70108.0,1460.193142857143,0.0,1753.264,1402.16,4615.617142857142,19830130.489597045,0.0,18211523.10670398,11600744.960255986,49642398.556557015,63095.86973962693,0.0,105435.1337756547,48336.43733439999,216867.44084968162,35964.64575158735,0.0,60098.02625212317,29001.862400639995,125064.53440435052,27131.22398803958,0.0,45337.10752353152,19334.574933759995,91802.9064453311
2447,1011309.6000000001,0.0,0.0,0.0,2222.658461538462,0.0,0.0,0.0,2222.658461538462,30184779.007982798,0.0,0.0,0.0,30184779.007982798,96042.4786617634,0.0,0.0,0.0,96042.4786617634,54744.21283720513,0.0,0.0,0.0,54744.21283720513,41298.26582455826,0.0,0.0,0.0,41298.26582455826
2448,0.0,52360.00000000001,96681.0,0.0,0.0,115.0769230769231,386.724,0.0,501.8009230769231,0.0,868570.4191999987,4016983.7867639964,0.0,4885554.205963995,0.0,5028.565584842101,23256.22192337052,0.0,28284.78750821262,0.0,2866.2823833599973,13256.046496321194,0.0,16122.328879681192,0.0,2162.2832014821033,10000.175427049322,0.0,12162.458628531425
2449,977046.4400000001,459014.96,411693.0,26777.600000000002,2147.3548131868133,1008.824087912088,1646.772,535.552,5338.502901098901,29162118.971219417,7614339.50011976,17105368.232891984,4430879.617843195,58312706.32207435,92788.56036297083,44083.018158588115,99031.07924305892,18461.998407679996,254364.65617229787,52889.47940689337,25127.320350395225,56447.71516854358,11077.199044607996,145541.71397044015,39899.08095607746,18955.69780819289,42583.36407451534,7384.799363071998,108822.94220185769
2450,446231.64,0.0,103772.0,7361.6,980.7288791208791,0.0,415.088,147.232,1543.048879120879,13318773.43967637,0.0,4311606.639567997,1218121.2429311983,18848501.322175566,42377.915489879335,0.0,24961.933176446313,5075.505178879997,72415.35384520565,24155.41182923122,0.0,14228.301910574397,3045.3031073279985,41429.016847133615,18222.503660648115,0.0,10733.631265871914,2030.202071551999,30986.336998072027
2451,1368101.52,98062.12000000001,0.0,26013.600000000002,3006.8165274725275,215.52114285714288,0.0,520.272,3742.6096703296703,40834025.54636617,1626697.033537826,0.0,4304460.818995195,46765183.39889919,129926.44492025593,9417.719667850579,0.0,17935.253412479997,157279.4180005865,74058.07360454588,5368.100210674829,0.0,10761.152047487998,90187.3258627087,55868.37131571005,4049.6194571757487,0.0,7174.101364991999,67092.0921378778
2452,994219.8400000001,0.0,46643.0,34320.0,2185.09854945055,0.0,186.572,686.4,3058.07054945055,29674697.200295553,0.0,1937962.7306919985,5678917.770239993,37291577.701227546,94419.49109184943,0.0,11219.784230322104,23662.157375999992,129301.43269817153,53819.10992235417,0.0,6395.277011283599,14197.294425599996,74411.68135923776,40600.38116949525,0.0,4824.507219038504,9464.862950399996,54889.751338933755
2453,100187.12000000001,0.0,0.0,0.0,220.19147252747254,0.0,0.0,0.0,220.19147252747254,2990306.9017106667,0.0,0.0,0.0,2990306.9017106667,9514.612869079388,0.0,0.0,0.0,9514.612869079388,5423.329335375251,0.0,0.0,0.0,5423.329335375251,4091.283533704137,0.0,0.0,0.0,4091.283533704137
2454,2692676.9200000004,511882.24000000005,637966.0,309304.8,5917.971252747254,1125.0159120879123,2551.864,6186.096,15780.947164835166,80368917.46117686,8491324.900264217,26506749.811303977,51180551.431833535,166547543.60457858,255719.28283101716,49160.30205416128,153460.1304864968,213252.29763263988,671592.0130043151,145759.99121367978,28021.372170871928,87472.27437730317,127951.37857958392,389205.0163414388,109959.29161733738,21138.92988328935,65987.85610919363,85300.91905305596,282386.99666287634
2455,1035997.68,233577.96000000002,0.0,88460.8,2276.9179780219783,513.3581538461539,0.0,1769.2160000000001,4559.492131868133,30921649.535990644,3874692.640051194,0.0,14637576.022425583,49433918.198467426,98387.06670542473,22432.43107398061,0.0,60989.900093439974,181809.39787284532,56080.62802209209,12786.485712168946,0.0,36593.940056063984,105461.05379032501,42306.438683332635,9645.945361811662,0.0,24395.96003737599,76348.34408252029
2456,193179.16,0.0,0.0,0.0,424.5695824175824,0.0,0.0,0.0,424.5695824175824,5765860.675650414,0.0,0.0,0.0,5765860.675650414,18345.920331614943,0.0,0.0,0.0,18345.920331614943,10457.174589020517,0.0,0.0,0.0,10457.174589020517,7888.745742594426,0.0,0.0,0.0,7888.745742594426
2457,289816.68,0.0,0.0,0.0,636.9597362637362,0.0,0.0,0.0,636.9597362637362,8650221.889149738,0.0,0.0,0.0,8650221.889149738,27523.433283658243,0.0,0.0,0.0,27523.433283658243,15688.356971685198,0.0,0.0,0.0,15688.356971685198,11835.076311973044,0.0,0.0,0.0,11835.076311973044
2458,0.0,0.0,0.0,0.0,0.0,0.0,0.0,0.0,0.0,0.0,0.0,0.0,0.0,0.0,0.0,0.0,0.0,0.0,0.0,0.0,0.0,0.0,0.0,0.0,0.0,0.0,0.0,0.0,0.0
2459,0.0,0.0,0.0,0.0,0.0,0.0,0.0,0.0,0.0,0.0,0.0,0.0,0.0,0.0,0.0,0.0,0.0,0.0,0.0,0.0,0.0,0.0,0.0,0.0,0.0,0.0,0.0,0.0,0.0
2460,78054.48000000001,19446.640000000003,74510.0,0.0,171.5483076923077,42.739868131868135,298.04,0.0,512.3281758241758,2329709.1507714484,322589.3097179424,3095804.3664399977,0.0,5748102.826929389,7412.710934272787,1867.6223194196675,17923.07791096842,0.0,27203.411164660873,4225.245232535488,1064.5447220692104,10216.154409251998,0.0,15505.944363856695,3187.4657017372983,803.077597350457,7706.92350171642,0.0,11697.466800804175
2461,261211.80000000002,16339.720000000001,0.0,3060.0,574.0918681318682,35.91147252747253,0.0,61.2,671.2033406593407,7796445.7741500735,271050.37146697106,0.0,506337.07391999935,8573833.219537044,24806.87291775022,1569.2389927035176,0.0,2109.7378079999994,28485.849718453737,14139.917563117624,894.466225841005,0.0,1265.8426847999997,16300.226473758628,10666.955354632595,674.7727668625125,0.0,843.8951231999998,12185.623244695107
2462,2939614.8400000003,188803.36000000002,0.0,80176.8,6460.691956043956,414.9524395604396,0.0,1603.536,8479.180395604395,87739327.6143989,3131952.1302820523,0.0,13266825.590937585,104138105.33561854,279170.58786399633,18132.354438475053,0.0,55278.43996223998,352581.38226471137,159127.23508247788,10335.442029930779,0.0,33167.06397734398,202629.74108975264,120043.35278151842,7796.912408544273,0.0,22111.375984895993,149951.6411749587
2463,600094.56,54941.280000000006,0.0,16824.8,1318.889142857143,120.75006593406594,0.0,336.496,1776.1352087912092,17911153.693678647,911389.8128530271,0.0,2783993.4644735963,21606536.971005272,56990.03447988657,5276.46733757016,0.0,11599.972768639995,73866.47458609672,32484.31965353534,3007.586382414991,0.0,6959.983661183996,42451.889697134335,24505.714826351224,2268.880955155169,0.0,4639.989107455998,31414.58488896239
2464,0.0,0.0,0.0,0.0,0.0,0.0,0.0,0.0,0.0,0.0,0.0,0.0,0.0,0.0,0.0,0.0,0.0,0.0,0.0,0.0,0.0,0.0,0.0,0.0,0.0,0.0,0.0,0.0,0.0
2465,0.0,0.0,0.0,0.0,0.0,0.0,0.0,0.0,0.0,0.0,0.0,0.0,0.0,0.0,0.0,0.0,0.0,0.0,0.0,0.0,0.0,0.0,0.0,0.0,0.0,0.0,0.0,0.0,0.0
2466,0.0,0.0,0.0,0.0,0.0,0.0,0.0,0.0,0.0,0.0,0.0,0.0,0.0,0.0,0.0,0.0,0.0,0.0,0.0,0.0,0.0,0.0,0.0,0.0,0.0,0.0,0.0,0.0,0.0
2467,0.0,0.0,0.0,0.0,0.0,0.0,0.0,0.0,0.0,0.0,0.0,0.0,0.0,0.0,0.0,0.0,0.0,0.0,0.0,0.0,0.0,0.0,0.0,0.0,0.0,0.0,0.0,0.0,0.0
2468,1244.4,0.0,0.0,0.0,2.7349450549450554,0.0,0.0,0.0,2.7349450549450554,37141.87920052751,0.0,0.0,0.0,37141.87920052751,118.17870654713292,0.0,0.0,0.0,118.17870654713292,67.36186273186576,0.0,0.0,0.0,67.36186273186576,50.816843815267156,0.0,0.0,0.0,50.816843815267156
2469,0.0,0.0,0.0,0.0,0.0,0.0,0.0,0.0,0.0,0.0,0.0,0.0,0.0,0.0,0.0,0.0,0.0,0.0,0.0,0.0,0.0,0.0,0.0,0.0,0.0,0.0,0.0,0.0,0.0
2470,0.0,0.0,0.0,0.0,0.0,0.0,0.0,0.0,0.0,0.0,0.0,0.0,0.0,0.0,0.0,0.0,0.0,0.0,0.0,0.0,0.0,0.0,0.0,0.0,0.0,0.0,0.0,0.0,0.0
2471,1912.16,0.0,413308.0,0.0,4.2025494505494505,0.0,1653.232,0.0,1657.4345494505494,57072.65809392532,0.0,17172469.615951985,0.0,17229542.27404591,181.59482120794408,0.0,99419.56093445892,0.0,99601.15575566686,103.50904808852812,0.0,56669.14973264158,0.0,56772.658780730104,78.08577311941595,0.0,42750.41120181733,0.0,42828.49697493675
2472,0.0,0.0,0.0,0.0,0.0,0.0,0.0,0.0,0.0,0.0,0.0,0.0,0.0,0.0,0.0,0.0,0.0,0.0,0.0,0.0,0.0,0.0,0.0,0.0,0.0,0.0,0.0,0.0,0.0
2473,140252.04,0.0,0.0,0.0,308.24624175824175,0.0,0.0,0.0,308.24624175824175,4186133.3392056827,0.0,0.0,0.0,4186133.3392056827,13319.515170199891,0.0,0.0,0.0,13319.515170199891,7592.123647013937,0.0,0.0,0.0,7592.123647013937,5727.391523185953,0.0,0.0,0.0,5727.391523185953
2474,152993.2,0.0,0.0,2259.2000000000003,336.24879120879126,0.0,0.0,45.184000000000005,381.4327912087913,4566421.5307796085,0.0,0.0,373828.9926143995,4940250.523394008,14529.523052480565,0.0,0.0,1557.6208025599992,16087.143855040564,8281.828139913921,0.0,0.0,934.5724815359995,9216.40062144992,6247.694912566642,0.0,0.0,623.0483210239997,6870.743233590642
2475,298478.52,0.0,0.0,0.0,655.9967472527472,0.0,0.0,0.0,655.9967472527472,8908753.723716034,0.0,0.0,0.0,8908753.723716034,28346.034575460093,0.0,0.0,0.0,28346.034575460093,16157.239708012252,0.0,0.0,0.0,16157.239708012252,12188.79486744784,0.0,0.0,0.0,12188.79486744784
2476,0.0,22014.320000000003,27080.0,0.0,0.0,48.38312087912089,108.32,0.0,156.7031208791209,0.0,365183.1006646852,1125142.695519999,0.0,1490325.7961846841,0.0,2114.2179512166,6513.984026694734,0.0,8628.201977911334,0.0,1205.104232193462,3712.970895215998,0.0,4918.07512740946,0.0,909.113719023138,2801.0131314787354,0.0,3710.1268505018734
2477,0.0,0.0,0.0,0.0,0.0,0.0,0.0,0.0,0.0,0.0,0.0,0.0,0.0,0.0,0.0,0.0,0.0,0.0,0.0,0.0,0.0,0.0,0.0,0.0,0.0,0.0,0.0,0.0,0.0
2478,0.0,0.0,0.0,0.0,0.0,0.0,0.0,0.0,0.0,0.0,0.0,0.0,0.0,0.0,0.0,0.0,0.0,0.0,0.0,0.0,0.0,0.0,0.0,0.0,0.0,0.0,0.0,0.0,0.0
2479,28988.4,0.0,0.0,0.0,63.71076923076924,0.0,0.0,0.0,63.71076923076924,865223.1203926161,0.0,0.0,0.0,865223.1203926161,2752.9826557946863,0.0,0.0,0.0,2752.9826557946863,1569.200113802971,0.0,0.0,0.0,1569.200113802971,1183.782541991715,0.0,0.0,0.0,1183.782541991715
2480,0.0,0.0,0.0,0.0,0.0,0.0,0.0,0.0,0.0,0.0,0.0,0.0,0.0,0.0,0.0,0.0,0.0,0.0,0.0,0.0,0.0,0.0,0.0,0.0,0.0,0.0,0.0,0.0,0.0
2481,0.0,0.0,0.0,0.0,0.0,0.0,0.0,0.0,0.0,0.0,0.0,0.0,0.0,0.0,0.0,0.0,0.0,0.0,0.0,0.0,0.0,0.0,0.0,0.0,0.0,0.0,0.0,0.0,0.0
2482,0.0,0.0,0.0,0.0,0.0,0.0,0.0,0.0,0.0,0.0,0.0,0.0,0.0,0.0,0.0,0.0,0.0,0.0,0.0,0.0,0.0,0.0,0.0,0.0,0.0,0.0,0.0,0.0,0.0
2483,4267.68,0.0,0.0,0.0,9.379516483516484,0.0,0.0,0.0,9.379516483516484,127378.37915984188,0.0,0.0,0.0,127378.37915984188,405.29484278131486,0.0,0.0,0.0,405.29484278131486,231.01806038534946,0.0,0.0,0.0,231.01806038534946,174.2767823959654,0.0,0.0,0.0,174.2767823959654
2484,0.0,0.0,0.0,0.0,0.0,0.0,0.0,0.0,0.0,0.0,0.0,0.0,0.0,0.0,0.0,0.0,0.0,0.0,0.0,0.0,0.0,0.0,0.0,0.0,0.0,0.0,0.0,0.0,0.0
2485,0.0,0.0,0.0,0.0,0.0,0.0,0.0,0.0,0.0,0.0,0.0,0.0,0.0,0.0,0.0,0.0,0.0,0.0,0.0,0.0,0.0,0.0,0.0,0.0,0.0,0.0,0.0,0.0,0.0
2486,0.0,0.0,0.0,0.0,0.0,0.0,0.0,0.0,0.0,0.0,0.0,0.0,0.0,0.0,0.0,0.0,0.0,0.0,0.0,0.0,0.0,0.0,0.0,0.0,0.0,0.0,0.0,0.0,0.0
2487,0.0,0.0,0.0,0.0,0.0,0.0,0.0,0.0,0.0,0.0,0.0,0.0,0.0,0.0,0.0,0.0,0.0,0.0,0.0,0.0,0.0,0.0,0.0,0.0,0.0,0.0,0.0,0.0,0.0
2488,0.0,0.0,0.0,0.0,0.0,0.0,0.0,0.0,0.0,0.0,0.0,0.0,0.0,0.0,0.0,0.0,0.0,0.0,0.0,0.0,0.0,0.0,0.0,0.0,0.0,0.0,0.0,0.0,0.0
2489,0.0,26458.120000000003,107880.0,0.0,0.0,58.14971428571429,431.52,0.0,489.6697142857143,0.0,438898.7849435422,4482289.290719996,0.0,4921188.075663539,0.0,2540.9929654626144,25950.0958936421,0.0,28491.088859104715,0.0,1448.3659903136902,14791.554659375997,0.0,16239.920649689688,0.0,1092.6269751489242,11158.541234266104,0.0,12251.168209415027
2490,0.0,0.0,0.0,0.0,0.0,0.0,0.0,0.0,0.0,0.0,0.0,0.0,0.0,0.0,0.0,0.0,0.0,0.0,0.0,0.0,0.0,0.0,0.0,0.0,0.0,0.0,0.0,0.0,0.0
2491,75994.08,0.0,0.0,0.0,167.01995604395606,0.0,0.0,0.0,167.01995604395606,2268211.9409476244,0.0,0.0,0.0,2268211.9409476244,7217.037993924256,0.0,0.0,0.0,7217.037993924256,4113.711656536825,0.0,0.0,0.0,4113.711656536825,3103.3263373874297,0.0,0.0,0.0,3103.3263373874297
2492,0.0,0.0,0.0,0.0,0.0,0.0,0.0,0.0,0.0,0.0,0.0,0.0,0.0,0.0,0.0,0.0,0.0,0.0,0.0,0.0,0.0,0.0,0.0,0.0,0.0,0.0,0.0,0.0,0.0
2493,237363.52000000002,21785.16,140552.0,0.0,521.678065934066,47.87947252747253,562.208,0.0,1131.7655384615387,7084640.940575374,361381.69506377087,5839773.121887995,0.0,13285795.757527139,22542.03935637618,2092.209813527096,33809.21281093052,0.0,58443.461980833796,12848.96243313442,1192.5595937104445,19271.251302230394,0.0,33312.77332907526,9693.076923241757,899.6502198166512,14537.961508700124,0.0,25130.68865175853
2494,0.0,0.0,49704.0,0.0,0.0,0.0,198.816,0.0,198.816,0.0,0.0,2065143.7421759982,0.0,2065143.7421759982,0.0,0.0,11956.095349439996,0.0,11956.095349439996,0.0,0.0,6814.974349180798,0.0,6814.974349180798,0.0,0.0,5141.121000259199,0.0,5141.121000259199
2495,0.0,0.0,0.0,0.0,0.0,0.0,0.0,0.0,0.0,0.0,0.0,0.0,0.0,0.0,0.0,0.0,0.0,0.0,0.0,0.0,0.0,0.0,0.0,0.0,0.0,0.0,0.0,0.0,0.0
2496,0.0,0.0,0.0,0.0,0.0,0.0,0.0,0.0,0.0,0.0,0.0,0.0,0.0,0.0,0.0,0.0,0.0,0.0,0.0,0.0,0.0,0.0,0.0,0.0,0.0,0.0,0.0,0.0,0.0
2497,0.0,0.0,0.0,0.0,0.0,0.0,0.0,0.0,0.0,0.0,0.0,0.0,0.0,0.0,0.0,0.0,0.0,0.0,0.0,0.0,0.0,0.0,0.0,0.0,0.0,0.0,0.0,0.0,0.0
2498,0.0,0.0,0.0,0.0,0.0,0.0,0.0,0.0,0.0,0.0,0.0,0.0,0.0,0.0,0.0,0.0,0.0,0.0,0.0,0.0,0.0,0.0,0.0,0.0,0.0,0.0,0.0,0.0,0.0
2499,0.0,0.0,0.0,0.0,0.0,0.0,0.0,0.0,0.0,0.0,0.0,0.0,0.0,0.0,0.0,0.0,0.0,0.0,0.0,0.0,0.0,0.0,0.0,0.0,0.0,0.0,0.0,0.0,0.0
