Year,2021 (heads),2021 (heads),2021 (heads),2021 (heads),2021 (heads),2021 (heads),2021 (heads),2021 (heads),2021 (kg live),2021 (kg carcass),2021 (kg slaugther waste),2021 (kg P live),2021 (kg P carcass),2021 (kg P slaugther waste),2021 (kg live),2021 (kg carcass),2021 (kg slaugther waste),2021 (kg P live),2021 (kg P carcass),2021 (kg P slaugther waste),2021 (kg live),2021 (kg carcass),2021 (kg slaugther waste),2021 (kg P live),2021 (kg P carcass),2021 (kg P slaugther waste),2021 (kg live),2021 (kg carcass),2021 (kg slaugther waste),2021 (kg P live),2021 (kg P carcass),2021 (kg P slaugther waste),2021 (kg live),2021 (kg carcass),2021 (kg slaugther waste),2021 (kg P live),2021 (kg P carcass),2021 (kg P slaugther waste),2021 (kg live),2021 (kg carcass),2021 (kg slaugther waste),2021 (kg P live),2021 (kg P carcass),2021 (kg P slaugther waste),2021 (kg live),2021 (kg carcass),2021 (kg slaugther waste),2021 (kg P live),2021 (kg P carcass),2021 (kg P slaugther waste),2021 (kg live),2021 (kg carcass),2021 (kg slaugther waste),2021 (kg P live),2021 (kg P carcass),2021 (kg P slaugther waste)
Animal,Hogs,Sheep,Goat,Calves,Cattle,Chicken,Turkey,Rabbit,Hogs,Hogs,Hogs,Hogs,Hogs,Hogs,Sheep,Sheep,Sheep,Sheep,Sheep,Sheep,Goat,Goat,Goat,Goat,Goat,Goat,Calves,Calves,Calves,Calves,Calves,Calves,Cattle,Cattle,Cattle,Cattle,Cattle,Cattle,Chicken,Chicken,Chicken,Chicken,Chicken,Chicken,Turkey,Turkey,Turkey,Turkey,Turkey,Turkey,Rabbit,Rabbit,Rabbit,Rabbit,Rabbit,Rabbit
CD,,,,,,,,,,,,,,,,,,,,,,,,,,,,,,,,,,,,,,,,,,,,,,,,,,,,,,,,
2401,0.0,0.0,0.0,0.0,0.0,0.0,0.0,0.0,0.0,0.0,0.0,0.0,0.0,0.0,0.0,0.0,0.0,0.0,0.0,0.0,0.0,0.0,0.0,0.0,0.0,0.0,0.0,0.0,0.0,0.0,0.0,0.0,0.0,0.0,0.0,0.0,0.0,0.0,0.0,0.0,0.0,0.0,0.0,0.0,0.0,0.0,0.0,0.0,0.0,0.0,0.0,0.0,0.0,0.0,0.0,0.0
2402,0.0,0.0,0.0,0.0,0.0,0.0,0.0,0.0,0.0,0.0,0.0,0.0,0.0,0.0,0.0,0.0,0.0,0.0,0.0,0.0,0.0,0.0,0.0,0.0,0.0,0.0,0.0,0.0,0.0,0.0,0.0,0.0,0.0,0.0,0.0,0.0,0.0,0.0,0.0,0.0,0.0,0.0,0.0,0.0,0.0,0.0,0.0,0.0,0.0,0.0,0.0,0.0,0.0,0.0,0.0,0.0
2403,0.0,0.0,0.0,0.0,0.0,0.0,0.0,0.0,0.0,0.0,0.0,0.0,0.0,0.0,0.0,0.0,0.0,0.0,0.0,0.0,0.0,0.0,0.0,0.0,0.0,0.0,0.0,0.0,0.0,0.0,0.0,0.0,0.0,0.0,0.0,0.0,0.0,0.0,0.0,0.0,0.0,0.0,0.0,0.0,0.0,0.0,0.0,0.0,0.0,0.0,0.0,0.0,0.0,0.0,0.0,0.0
2404,0.0,0.0,0.0,0.0,0.0,0.0,0.0,0.0,0.0,0.0,0.0,0.0,0.0,0.0,0.0,0.0,0.0,0.0,0.0,0.0,0.0,0.0,0.0,0.0,0.0,0.0,0.0,0.0,0.0,0.0,0.0,0.0,0.0,0.0,0.0,0.0,0.0,0.0,0.0,0.0,0.0,0.0,0.0,0.0,0.0,0.0,0.0,0.0,0.0,0.0,0.0,0.0,0.0,0.0,0.0,0.0
2405,0.0,0.0,0.0,0.0,0.0,0.0,0.0,0.0,0.0,0.0,0.0,0.0,0.0,0.0,0.0,0.0,0.0,0.0,0.0,0.0,0.0,0.0,0.0,0.0,0.0,0.0,0.0,0.0,0.0,0.0,0.0,0.0,0.0,0.0,0.0,0.0,0.0,0.0,0.0,0.0,0.0,0.0,0.0,0.0,0.0,0.0,0.0,0.0,0.0,0.0,0.0,0.0,0.0,0.0,0.0,0.0
2406,0.0,0.0,0.0,0.0,0.0,0.0,0.0,0.0,0.0,0.0,0.0,0.0,0.0,0.0,0.0,0.0,0.0,0.0,0.0,0.0,0.0,0.0,0.0,0.0,0.0,0.0,0.0,0.0,0.0,0.0,0.0,0.0,0.0,0.0,0.0,0.0,0.0,0.0,0.0,0.0,0.0,0.0,0.0,0.0,0.0,0.0,0.0,0.0,0.0,0.0,0.0,0.0,0.0,0.0,0.0,0.0
2407,0.0,0.0,0.0,0.0,0.0,0.0,0.0,0.0,0.0,0.0,0.0,0.0,0.0,0.0,0.0,0.0,0.0,0.0,0.0,0.0,0.0,0.0,0.0,0.0,0.0,0.0,0.0,0.0,0.0,0.0,0.0,0.0,0.0,0.0,0.0,0.0,0.0,0.0,0.0,0.0,0.0,0.0,0.0,0.0,0.0,0.0,0.0,0.0,0.0,0.0,0.0,0.0,0.0,0.0,0.0,0.0
2408,0.0,0.0,0.0,0.0,0.0,0.0,0.0,0.0,0.0,0.0,0.0,0.0,0.0,0.0,0.0,0.0,0.0,0.0,0.0,0.0,0.0,0.0,0.0,0.0,0.0,0.0,0.0,0.0,0.0,0.0,0.0,0.0,0.0,0.0,0.0,0.0,0.0,0.0,0.0,0.0,0.0,0.0,0.0,0.0,0.0,0.0,0.0,0.0,0.0,0.0,0.0,0.0,0.0,0.0,0.0,0.0
2409,0.0,0.0,0.0,0.0,0.0,0.0,0.0,0.0,0.0,0.0,0.0,0.0,0.0,0.0,0.0,0.0,0.0,0.0,0.0,0.0,0.0,0.0,0.0,0.0,0.0,0.0,0.0,0.0,0.0,0.0,0.0,0.0,0.0,0.0,0.0,0.0,0.0,0.0,0.0,0.0,0.0,0.0,0.0,0.0,0.0,0.0,0.0,0.0,0.0,0.0,0.0,0.0,0.0,0.0,0.0,0.0
2410,0.0,0.0,0.0,0.0,0.0,0.0,0.0,0.0,0.0,0.0,0.0,0.0,0.0,0.0,0.0,0.0,0.0,0.0,0.0,0.0,0.0,0.0,0.0,0.0,0.0,0.0,0.0,0.0,0.0,0.0,0.0,0.0,0.0,0.0,0.0,0.0,0.0,0.0,0.0,0.0,0.0,0.0,0.0,0.0,0.0,0.0,0.0,0.0,0.0,0.0,0.0,0.0,0.0,0.0,0.0,0.0
2411,0.0,0.0,0.0,0.0,0.0,0.0,0.0,0.0,0.0,0.0,0.0,0.0,0.0,0.0,0.0,0.0,0.0,0.0,0.0,0.0,0.0,0.0,0.0,0.0,0.0,0.0,0.0,0.0,0.0,0.0,0.0,0.0,0.0,0.0,0.0,0.0,0.0,0.0,0.0,0.0,0.0,0.0,0.0,0.0,0.0,0.0,0.0,0.0,0.0,0.0,0.0,0.0,0.0,0.0,0.0,0.0
2412,0.0,0.0,0.0,0.0,0.0,0.0,0.0,0.0,0.0,0.0,0.0,0.0,0.0,0.0,0.0,0.0,0.0,0.0,0.0,0.0,0.0,0.0,0.0,0.0,0.0,0.0,0.0,0.0,0.0,0.0,0.0,0.0,0.0,0.0,0.0,0.0,0.0,0.0,0.0,0.0,0.0,0.0,0.0,0.0,0.0,0.0,0.0,0.0,0.0,0.0,0.0,0.0,0.0,0.0,0.0,0.0
2413,0.0,0.0,0.0,0.0,0.0,0.0,0.0,0.0,0.0,0.0,0.0,0.0,0.0,0.0,0.0,0.0,0.0,0.0,0.0,0.0,0.0,0.0,0.0,0.0,0.0,0.0,0.0,0.0,0.0,0.0,0.0,0.0,0.0,0.0,0.0,0.0,0.0,0.0,0.0,0.0,0.0,0.0,0.0,0.0,0.0,0.0,0.0,0.0,0.0,0.0,0.0,0.0,0.0,0.0,0.0,0.0
2414,0.0,0.0,0.0,0.0,0.0,0.0,0.0,0.0,0.0,0.0,0.0,0.0,0.0,0.0,0.0,0.0,0.0,0.0,0.0,0.0,0.0,0.0,0.0,0.0,0.0,0.0,0.0,0.0,0.0,0.0,0.0,0.0,0.0,0.0,0.0,0.0,0.0,0.0,0.0,0.0,0.0,0.0,0.0,0.0,0.0,0.0,0.0,0.0,0.0,0.0,0.0,0.0,0.0,0.0,0.0,0.0
2415,0.0,0.0,0.0,0.0,0.0,0.0,0.0,0.0,0.0,0.0,0.0,0.0,0.0,0.0,0.0,0.0,0.0,0.0,0.0,0.0,0.0,0.0,0.0,0.0,0.0,0.0,0.0,0.0,0.0,0.0,0.0,0.0,0.0,0.0,0.0,0.0,0.0,0.0,0.0,0.0,0.0,0.0,0.0,0.0,0.0,0.0,0.0,0.0,0.0,0.0,0.0,0.0,0.0,0.0,0.0,0.0
2416,0.0,0.0,0.0,0.0,0.0,0.0,0.0,0.0,0.0,0.0,0.0,0.0,0.0,0.0,0.0,0.0,0.0,0.0,0.0,0.0,0.0,0.0,0.0,0.0,0.0,0.0,0.0,0.0,0.0,0.0,0.0,0.0,0.0,0.0,0.0,0.0,0.0,0.0,0.0,0.0,0.0,0.0,0.0,0.0,0.0,0.0,0.0,0.0,0.0,0.0,0.0,0.0,0.0,0.0,0.0,0.0
2417,0.0,0.0,0.0,0.0,0.0,0.0,0.0,0.0,0.0,0.0,0.0,0.0,0.0,0.0,0.0,0.0,0.0,0.0,0.0,0.0,0.0,0.0,0.0,0.0,0.0,0.0,0.0,0.0,0.0,0.0,0.0,0.0,0.0,0.0,0.0,0.0,0.0,0.0,0.0,0.0,0.0,0.0,0.0,0.0,0.0,0.0,0.0,0.0,0.0,0.0,0.0,0.0,0.0,0.0,0.0,0.0
2418,0.0,0.0,0.0,0.0,0.0,0.0,0.0,0.0,0.0,0.0,0.0,0.0,0.0,0.0,0.0,0.0,0.0,0.0,0.0,0.0,0.0,0.0,0.0,0.0,0.0,0.0,0.0,0.0,0.0,0.0,0.0,0.0,0.0,0.0,0.0,0.0,0.0,0.0,0.0,0.0,0.0,0.0,0.0,0.0,0.0,0.0,0.0,0.0,0.0,0.0,0.0,0.0,0.0,0.0,0.0,0.0
2419,636770.9242141801,6936.671144822267,528.8135887381886,14051.544842635674,3977.5757901727798,17058536.35135309,315083.43229992926,8282.357973902424,89657326.86247602,71725861.48998082,17931465.372495204,476976.97890837246,381581.583126698,95395.3957816745,297070.4816369536,136652.42155299865,160418.06008395494,1544.766504512159,710.592592075593,834.1739124365657,15007.729648389794,7503.864824194897,7503.864824194897,94.5486967848557,47.27434839242785,47.27434839242785,4125441.3679048684,2268992.752347678,1856448.6155571905,33003.53094323895,18151.942018781425,14851.588924457525,3026543.454419089,1483006.2926653535,1543537.1617537355,22396.42156270126,10974.246565723615,11422.174996977641,40526241.13228772,29178893.615247156,11347347.517040562,202631.20566143858,145894.4680762358,56736.73758520281,2852797.185801504,2196653.8330671582,656143.352734346,14549.265647587672,11202.934548642508,3346.3310989451643,19533.863145996285,10352.947467378031,9180.915678618254,117.2031788759777,62.11768480426818,55.08549407170952
2420,0.0,0.0,0.0,0.0,0.0,0.0,0.0,0.0,0.0,0.0,0.0,0.0,0.0,0.0,0.0,0.0,0.0,0.0,0.0,0.0,0.0,0.0,0.0,0.0,0.0,0.0,0.0,0.0,0.0,0.0,0.0,0.0,0.0,0.0,0.0,0.0,0.0,0.0,0.0,0.0,0.0,0.0,0.0,0.0,0.0,0.0,0.0,0.0,0.0,0.0,0.0,0.0,0.0,0.0,0.0,0.0
2421,0.0,0.0,0.0,0.0,0.0,0.0,0.0,0.0,0.0,0.0,0.0,0.0,0.0,0.0,0.0,0.0,0.0,0.0,0.0,0.0,0.0,0.0,0.0,0.0,0.0,0.0,0.0,0.0,0.0,0.0,0.0,0.0,0.0,0.0,0.0,0.0,0.0,0.0,0.0,0.0,0.0,0.0,0.0,0.0,0.0,0.0,0.0,0.0,0.0,0.0,0.0,0.0,0.0,0.0,0.0,0.0
2422,0.0,0.0,0.0,0.0,0.0,0.0,0.0,0.0,0.0,0.0,0.0,0.0,0.0,0.0,0.0,0.0,0.0,0.0,0.0,0.0,0.0,0.0,0.0,0.0,0.0,0.0,0.0,0.0,0.0,0.0,0.0,0.0,0.0,0.0,0.0,0.0,0.0,0.0,0.0,0.0,0.0,0.0,0.0,0.0,0.0,0.0,0.0,0.0,0.0,0.0,0.0,0.0,0.0,0.0,0.0,0.0
2423,125215.27621006621,1364.034003985344,103.98643697370957,2763.109937565167,782.1545115735137,3354407.777977759,61958.32363630519,1628.6512181011763,17630307.101718515,14104245.681374814,3526061.420343701,93793.23378114251,75034.58702491401,18758.64675622849,58416.238866328866,26871.469878511278,31544.768987817588,303.76444210491013,139.73164336825866,164.03279873665144,2951.1350813138774,1475.5675406569387,1475.5675406569387,18.592151012277427,9.296075506138713,9.296075506138713,811230.9477825528,446177.02128040406,365053.92650214874,6489.847582260422,3569.4161702432325,2920.43141201719,595142.5547178193,291619.85181173147,303522.70290608786,4404.054904911863,2157.986903406813,2246.0680015050502,7969120.894452657,5737767.044005913,2231353.850446744,39845.60447226328,28688.835220029563,11156.76925223372,560976.9133731439,431952.22329732083,129024.69007582305,2860.982258203034,2202.9563388163365,658.0259193866975,3841.1585332574914,2035.8140226264704,1805.344510631021,23.046951199544946,12.214884135758822,10.832067063786125
2425,79317.86179854728,864.0500096419618,65.87041203316835,1750.2973981729529,495.45730626364923,2124856.172526837,39247.62137815774,1031.6723018576847,11167952.54130212,8934362.033041697,2233590.5082604233,59413.50751972728,47530.80601578183,11882.70150394545,37003.880847710105,17021.785189946648,19982.095657763457,192.42018040809256,88.51328298772258,103.90689742036999,1869.4022935013177,934.7011467506588,934.7011467506588,11.777234449058302,5.888617224529151,5.888617224529151,513875.8316914392,282631.7074302916,231244.12426114763,4111.006653531514,2261.0536594423324,1849.9529940891814,376994.2161557717,184727.16591632811,192267.05023944358,2789.7571995527105,1366.981027780828,1422.7761717718824,5048055.228514495,3634599.7645304366,1413455.4639840587,25240.276142572475,18172.998822652182,7067.277319920294,355351.92377373535,273620.9813057762,81730.94246795913,1812.2948112460501,1395.4670046594588,416.82780658659163,2433.1893911737848,1289.590377322106,1143.5990138516788,14.599136347042709,7.737542263932636,6.861594083110073
2426,0.0,0.0,0.0,0.0,0.0,0.0,0.0,0.0,0.0,0.0,0.0,0.0,0.0,0.0,0.0,0.0,0.0,0.0,0.0,0.0,0.0,0.0,0.0,0.0,0.0,0.0,0.0,0.0,0.0,0.0,0.0,0.0,0.0,0.0,0.0,0.0,0.0,0.0,0.0,0.0,0.0,0.0,0.0,0.0,0.0,0.0,0.0,0.0,0.0,0.0,0.0,0.0,0.0,0.0,0.0,0.0
2427,0.0,0.0,0.0,0.0,0.0,0.0,0.0,0.0,0.0,0.0,0.0,0.0,0.0,0.0,0.0,0.0,0.0,0.0,0.0,0.0,0.0,0.0,0.0,0.0,0.0,0.0,0.0,0.0,0.0,0.0,0.0,0.0,0.0,0.0,0.0,0.0,0.0,0.0,0.0,0.0,0.0,0.0,0.0,0.0,0.0,0.0,0.0,0.0,0.0,0.0,0.0,0.0,0.0,0.0,0.0,0.0
2428,0.0,0.0,0.0,0.0,0.0,0.0,0.0,0.0,0.0,0.0,0.0,0.0,0.0,0.0,0.0,0.0,0.0,0.0,0.0,0.0,0.0,0.0,0.0,0.0,0.0,0.0,0.0,0.0,0.0,0.0,0.0,0.0,0.0,0.0,0.0,0.0,0.0,0.0,0.0,0.0,0.0,0.0,0.0,0.0,0.0,0.0,0.0,0.0,0.0,0.0,0.0,0.0,0.0,0.0,0.0,0.0
2429,0.0,0.0,0.0,0.0,0.0,0.0,0.0,0.0,0.0,0.0,0.0,0.0,0.0,0.0,0.0,0.0,0.0,0.0,0.0,0.0,0.0,0.0,0.0,0.0,0.0,0.0,0.0,0.0,0.0,0.0,0.0,0.0,0.0,0.0,0.0,0.0,0.0,0.0,0.0,0.0,0.0,0.0,0.0,0.0,0.0,0.0,0.0,0.0,0.0,0.0,0.0,0.0,0.0,0.0,0.0,0.0
2430,0.0,0.0,0.0,0.0,0.0,0.0,0.0,0.0,0.0,0.0,0.0,0.0,0.0,0.0,0.0,0.0,0.0,0.0,0.0,0.0,0.0,0.0,0.0,0.0,0.0,0.0,0.0,0.0,0.0,0.0,0.0,0.0,0.0,0.0,0.0,0.0,0.0,0.0,0.0,0.0,0.0,0.0,0.0,0.0,0.0,0.0,0.0,0.0,0.0,0.0,0.0,0.0,0.0,0.0,0.0,0.0
2431,0.0,0.0,0.0,0.0,0.0,0.0,0.0,0.0,0.0,0.0,0.0,0.0,0.0,0.0,0.0,0.0,0.0,0.0,0.0,0.0,0.0,0.0,0.0,0.0,0.0,0.0,0.0,0.0,0.0,0.0,0.0,0.0,0.0,0.0,0.0,0.0,0.0,0.0,0.0,0.0,0.0,0.0,0.0,0.0,0.0,0.0,0.0,0.0,0.0,0.0,0.0,0.0,0.0,0.0,0.0,0.0
2432,0.0,0.0,0.0,0.0,0.0,0.0,0.0,0.0,0.0,0.0,0.0,0.0,0.0,0.0,0.0,0.0,0.0,0.0,0.0,0.0,0.0,0.0,0.0,0.0,0.0,0.0,0.0,0.0,0.0,0.0,0.0,0.0,0.0,0.0,0.0,0.0,0.0,0.0,0.0,0.0,0.0,0.0,0.0,0.0,0.0,0.0,0.0,0.0,0.0,0.0,0.0,0.0,0.0,0.0,0.0,0.0
2433,0.0,0.0,0.0,0.0,0.0,0.0,0.0,0.0,0.0,0.0,0.0,0.0,0.0,0.0,0.0,0.0,0.0,0.0,0.0,0.0,0.0,0.0,0.0,0.0,0.0,0.0,0.0,0.0,0.0,0.0,0.0,0.0,0.0,0.0,0.0,0.0,0.0,0.0,0.0,0.0,0.0,0.0,0.0,0.0,0.0,0.0,0.0,0.0,0.0,0.0,0.0,0.0,0.0,0.0,0.0,0.0
2434,0.0,0.0,0.0,0.0,0.0,0.0,0.0,0.0,0.0,0.0,0.0,0.0,0.0,0.0,0.0,0.0,0.0,0.0,0.0,0.0,0.0,0.0,0.0,0.0,0.0,0.0,0.0,0.0,0.0,0.0,0.0,0.0,0.0,0.0,0.0,0.0,0.0,0.0,0.0,0.0,0.0,0.0,0.0,0.0,0.0,0.0,0.0,0.0,0.0,0.0,0.0,0.0,0.0,0.0,0.0,0.0
2435,0.0,0.0,0.0,0.0,0.0,0.0,0.0,0.0,0.0,0.0,0.0,0.0,0.0,0.0,0.0,0.0,0.0,0.0,0.0,0.0,0.0,0.0,0.0,0.0,0.0,0.0,0.0,0.0,0.0,0.0,0.0,0.0,0.0,0.0,0.0,0.0,0.0,0.0,0.0,0.0,0.0,0.0,0.0,0.0,0.0,0.0,0.0,0.0,0.0,0.0,0.0,0.0,0.0,0.0,0.0,0.0
2436,0.0,0.0,0.0,0.0,0.0,0.0,0.0,0.0,0.0,0.0,0.0,0.0,0.0,0.0,0.0,0.0,0.0,0.0,0.0,0.0,0.0,0.0,0.0,0.0,0.0,0.0,0.0,0.0,0.0,0.0,0.0,0.0,0.0,0.0,0.0,0.0,0.0,0.0,0.0,0.0,0.0,0.0,0.0,0.0,0.0,0.0,0.0,0.0,0.0,0.0,0.0,0.0,0.0,0.0,0.0,0.0
2437,133236.183582953,1451.4098476570034,110.6474898759401,2940.1063036725445,832.256935802422,3569280.8740759785,65927.18422510766,1732.9776306485826,18759650.617131088,15007720.493704872,3751930.1234262157,99801.34128313739,79841.07302650993,19960.268256627467,62158.2043453108,28592.773998842968,33565.43034646783,323.22266259561616,148.68242479398342,174.5402378016327,3140.17576267918,1570.08788133959,1570.08788133959,19.783107304878833,9.891553652439416,9.891553652439416,863195.919526631,474757.7557396471,388438.16378698393,6905.567356213049,3798.062045917177,3107.5053102958714,633265.5653403131,310300.1270167534,322965.4383235597,4686.1651835183175,2296.2209399239755,2389.9442435943415,8479598.389470978,6105310.840419103,2374287.5490518743,42397.99194735489,30526.554202095518,11871.43774525937,596911.3775749824,459621.76073273644,137289.61684224592,3044.2480256324097,2344.070979736956,700.1770458954542,4087.2113930391097,2166.2220383107283,1920.9893547283814,24.52326835823466,12.99733222986437,11.525936128370288
2438,97142.10040496239,1058.2185511345374,80.6727518159028,2143.622656189347,606.7960267723344,2602351.941633991,48067.311575496555,1263.5087741852542,13677604.797774507,10942083.838219605,2735520.9595549013,72764.85752416038,58211.8860193283,14552.971504832076,45319.35968989214,20846.905457350385,24472.454232541753,235.66067038743913,108.403908378222,127.25676200921713,2289.4926965353216,1144.7463482676608,1144.7463482676608,14.423803988172526,7.211901994086263,7.211901994086263,629353.5466782795,346144.45067305374,283209.0960052258,5034.828373426236,2769.1556053844297,2265.672768041806,461712.0175390911,226238.88859415465,235473.12894493647,3416.668929789274,1674.1677755967444,1742.5011541925298,6182449.661888538,4451363.756559747,1731085.9053287907,30912.24830944269,22256.818782798735,8655.429526643953,435206.28866670956,335108.84227336635,100097.44639334321,2219.552072200219,1709.0550955941685,510.4969766060504,2979.9735240218256,1579.3859677315677,1400.587556290258,17.879841144130953,9.476315806389406,8.403525337741547
2439,0.0,0.0,0.0,0.0,0.0,0.0,0.0,0.0,0.0,0.0,0.0,0.0,0.0,0.0,0.0,0.0,0.0,0.0,0.0,0.0,0.0,0.0,0.0,0.0,0.0,0.0,0.0,0.0,0.0,0.0,0.0,0.0,0.0,0.0,0.0,0.0,0.0,0.0,0.0,0.0,0.0,0.0,0.0,0.0,0.0,0.0,0.0,0.0,0.0,0.0,0.0,0.0,0.0,0.0,0.0,0.0
2440,0.0,0.0,0.0,0.0,0.0,0.0,0.0,0.0,0.0,0.0,0.0,0.0,0.0,0.0,0.0,0.0,0.0,0.0,0.0,0.0,0.0,0.0,0.0,0.0,0.0,0.0,0.0,0.0,0.0,0.0,0.0,0.0,0.0,0.0,0.0,0.0,0.0,0.0,0.0,0.0,0.0,0.0,0.0,0.0,0.0,0.0,0.0,0.0,0.0,0.0,0.0,0.0,0.0,0.0,0.0,0.0
2441,0.0,0.0,0.0,0.0,0.0,0.0,0.0,0.0,0.0,0.0,0.0,0.0,0.0,0.0,0.0,0.0,0.0,0.0,0.0,0.0,0.0,0.0,0.0,0.0,0.0,0.0,0.0,0.0,0.0,0.0,0.0,0.0,0.0,0.0,0.0,0.0,0.0,0.0,0.0,0.0,0.0,0.0,0.0,0.0,0.0,0.0,0.0,0.0,0.0,0.0,0.0,0.0,0.0,0.0,0.0,0.0
2442,2228.0298258018897,24.27106768657196,1.8502924728418075,49.16565725204924,13.917340063585653,59686.97113839429,1102.4612746673522,28.9795590409462,313706.53205904836,250965.2256472387,62741.306411809666,1668.9187505541372,1335.1350004433098,333.78375011082744,1039.4348552727556,478.1400334254676,561.294821847288,5.40506124741833,2.486328173812432,2.918733073605898,52.51130037925049,26.255650189625246,26.255650189625246,0.3308211923892781,0.16541059619463905,0.16541059619463905,14434.714373355033,7939.092905345269,6495.621468009764,115.47771498684027,63.512743242762156,51.96497174407811,10589.725172914936,5188.965334728318,5400.759838186617,78.36396627957052,38.39834347698955,39.96562280258097,141799.30417175547,102095.49900366394,39703.80516809154,708.9965208587773,510.4774950183197,198.5190258404577,9981.79561162178,7685.98262094877,2295.812990673009,50.907157619271075,39.19851136683873,11.708646252432347,68.34801660600517,36.224448801182746,32.12356780482243,0.41008809963603104,0.21734669280709645,0.19274140682893456
2443,0.0,0.0,0.0,0.0,0.0,0.0,0.0,0.0,0.0,0.0,0.0,0.0,0.0,0.0,0.0,0.0,0.0,0.0,0.0,0.0,0.0,0.0,0.0,0.0,0.0,0.0,0.0,0.0,0.0,0.0,0.0,0.0,0.0,0.0,0.0,0.0,0.0,0.0,0.0,0.0,0.0,0.0,0.0,0.0,0.0,0.0,0.0,0.0,0.0,0.0,0.0,0.0,0.0,0.0,0.0,0.0
2444,0.0,0.0,0.0,0.0,0.0,0.0,0.0,0.0,0.0,0.0,0.0,0.0,0.0,0.0,0.0,0.0,0.0,0.0,0.0,0.0,0.0,0.0,0.0,0.0,0.0,0.0,0.0,0.0,0.0,0.0,0.0,0.0,0.0,0.0,0.0,0.0,0.0,0.0,0.0,0.0,0.0,0.0,0.0,0.0,0.0,0.0,0.0,0.0,0.0,0.0,0.0,0.0,0.0,0.0,0.0,0.0
2445,43669.38458571704,475.71292665681045,36.26573246769943,963.6468821401651,272.7798652462788,1169864.6343125282,21608.240983480104,567.9993572025454,6148648.0283573475,4918918.422685878,1229729.6056714691,32710.80751086109,26168.646008688873,6542.1615021722155,20372.92316334601,9371.544655139165,11001.378508206846,105.93920044939927,48.73203220672366,57.2071682426756,1029.2214874333097,514.6107437166548,514.6107437166548,6.484095370829851,3.2420476854149256,3.2420476854149256,282920.4017177586,155606.22094476726,127314.18077299136,2263.363213742069,1244.8497675581382,1018.5134461839309,207558.61338913272,101703.72056067504,105854.89282845768,1535.9337390795822,752.6075321489952,783.3262069305867,2779266.3617664077,2001071.7804718134,778194.5812945943,13896.33180883204,10005.358902359067,3890.9729064729718,195643.19398778686,150645.2593705959,44997.93461719097,997.780289337713,768.2908227900391,229.48946654767394,1339.6211254777015,709.9991965031818,629.6219289745197,8.03772675286621,4.259995179019091,3.7777315738471184
2446,0.0,0.0,0.0,0.0,0.0,0.0,0.0,0.0,0.0,0.0,0.0,0.0,0.0,0.0,0.0,0.0,0.0,0.0,0.0,0.0,0.0,0.0,0.0,0.0,0.0,0.0,0.0,0.0,0.0,0.0,0.0,0.0,0.0,0.0,0.0,0.0,0.0,0.0,0.0,0.0,0.0,0.0,0.0,0.0,0.0,0.0,0.0,0.0,0.0,0.0,0.0,0.0,0.0,0.0,0.0,0.0
2447,0.0,0.0,0.0,0.0,0.0,0.0,0.0,0.0,0.0,0.0,0.0,0.0,0.0,0.0,0.0,0.0,0.0,0.0,0.0,0.0,0.0,0.0,0.0,0.0,0.0,0.0,0.0,0.0,0.0,0.0,0.0,0.0,0.0,0.0,0.0,0.0,0.0,0.0,0.0,0.0,0.0,0.0,0.0,0.0,0.0,0.0,0.0,0.0,0.0,0.0,0.0,0.0,0.0,0.0,0.0,0.0
2448,0.0,0.0,0.0,0.0,0.0,0.0,0.0,0.0,0.0,0.0,0.0,0.0,0.0,0.0,0.0,0.0,0.0,0.0,0.0,0.0,0.0,0.0,0.0,0.0,0.0,0.0,0.0,0.0,0.0,0.0,0.0,0.0,0.0,0.0,0.0,0.0,0.0,0.0,0.0,0.0,0.0,0.0,0.0,0.0,0.0,0.0,0.0,0.0,0.0,0.0,0.0,0.0,0.0,0.0,0.0,0.0
2449,0.0,0.0,0.0,0.0,0.0,0.0,0.0,0.0,0.0,0.0,0.0,0.0,0.0,0.0,0.0,0.0,0.0,0.0,0.0,0.0,0.0,0.0,0.0,0.0,0.0,0.0,0.0,0.0,0.0,0.0,0.0,0.0,0.0,0.0,0.0,0.0,0.0,0.0,0.0,0.0,0.0,0.0,0.0,0.0,0.0,0.0,0.0,0.0,0.0,0.0,0.0,0.0,0.0,0.0,0.0,0.0
2450,0.0,0.0,0.0,0.0,0.0,0.0,0.0,0.0,0.0,0.0,0.0,0.0,0.0,0.0,0.0,0.0,0.0,0.0,0.0,0.0,0.0,0.0,0.0,0.0,0.0,0.0,0.0,0.0,0.0,0.0,0.0,0.0,0.0,0.0,0.0,0.0,0.0,0.0,0.0,0.0,0.0,0.0,0.0,0.0,0.0,0.0,0.0,0.0,0.0,0.0,0.0,0.0,0.0,0.0,0.0,0.0
2451,0.0,0.0,0.0,0.0,0.0,0.0,0.0,0.0,0.0,0.0,0.0,0.0,0.0,0.0,0.0,0.0,0.0,0.0,0.0,0.0,0.0,0.0,0.0,0.0,0.0,0.0,0.0,0.0,0.0,0.0,0.0,0.0,0.0,0.0,0.0,0.0,0.0,0.0,0.0,0.0,0.0,0.0,0.0,0.0,0.0,0.0,0.0,0.0,0.0,0.0,0.0,0.0,0.0,0.0,0.0,0.0
2452,2228.0298258018897,24.27106768657196,1.8502924728418075,49.16565725204924,13.917340063585653,59686.97113839429,1102.4612746673522,28.9795590409462,313706.53205904836,250965.2256472387,62741.306411809666,1668.9187505541372,1335.1350004433098,333.78375011082744,1039.4348552727556,478.1400334254676,561.294821847288,5.40506124741833,2.486328173812432,2.918733073605898,52.51130037925049,26.255650189625246,26.255650189625246,0.3308211923892781,0.16541059619463905,0.16541059619463905,14434.714373355033,7939.092905345269,6495.621468009764,115.47771498684027,63.512743242762156,51.96497174407811,10589.725172914936,5188.965334728318,5400.759838186617,78.36396627957052,38.39834347698955,39.96562280258097,141799.30417175547,102095.49900366394,39703.80516809154,708.9965208587773,510.4774950183197,198.5190258404577,9981.79561162178,7685.98262094877,2295.812990673009,50.907157619271075,39.19851136683873,11.708646252432347,68.34801660600517,36.224448801182746,32.12356780482243,0.41008809963603104,0.21734669280709645,0.19274140682893456
2453,0.0,0.0,0.0,0.0,0.0,0.0,0.0,0.0,0.0,0.0,0.0,0.0,0.0,0.0,0.0,0.0,0.0,0.0,0.0,0.0,0.0,0.0,0.0,0.0,0.0,0.0,0.0,0.0,0.0,0.0,0.0,0.0,0.0,0.0,0.0,0.0,0.0,0.0,0.0,0.0,0.0,0.0,0.0,0.0,0.0,0.0,0.0,0.0,0.0,0.0,0.0,0.0,0.0,0.0,0.0,0.0
2454,0.0,0.0,0.0,0.0,0.0,0.0,0.0,0.0,0.0,0.0,0.0,0.0,0.0,0.0,0.0,0.0,0.0,0.0,0.0,0.0,0.0,0.0,0.0,0.0,0.0,0.0,0.0,0.0,0.0,0.0,0.0,0.0,0.0,0.0,0.0,0.0,0.0,0.0,0.0,0.0,0.0,0.0,0.0,0.0,0.0,0.0,0.0,0.0,0.0,0.0,0.0,0.0,0.0,0.0,0.0,0.0
2455,0.0,0.0,0.0,0.0,0.0,0.0,0.0,0.0,0.0,0.0,0.0,0.0,0.0,0.0,0.0,0.0,0.0,0.0,0.0,0.0,0.0,0.0,0.0,0.0,0.0,0.0,0.0,0.0,0.0,0.0,0.0,0.0,0.0,0.0,0.0,0.0,0.0,0.0,0.0,0.0,0.0,0.0,0.0,0.0,0.0,0.0,0.0,0.0,0.0,0.0,0.0,0.0,0.0,0.0,0.0,0.0
2456,311478.5696471042,3393.0952625827604,258.6708877032847,6873.358883836484,1945.6441408892742,8344238.565147522,154124.08619849585,4051.3423539242785,43856173.181854956,35084938.54548397,8771234.636370987,233314.84132746837,186651.8730619747,46662.968265493655,145312.99276713125,66843.97667288038,78469.01609425087,755.6275623890824,347.58867869897796,408.0388836901045,7341.079793019219,3670.5398965096097,3670.5398965096097,46.24880269602109,23.124401348010544,23.124401348010544,2017973.0693950336,1109885.1881672686,908087.881227765,16143.784555160271,8879.081505338148,7264.70304982212,1480443.5791735079,725417.3537950189,755026.225378489,10955.282485883958,5368.08841808314,5587.194067800818,19823542.723211415,14272950.76071222,5550591.962499196,99117.71361605708,71364.75380356109,27752.959812495978,1395455.0265047248,1074500.3704086381,320954.6560960866,7116.820635174096,5479.9518890840545,1636.868746090042,9555.052721519525,5064.177942405348,4490.874779114177,57.33031632911715,30.385067654432092,26.945248674685057
2457,6238.483512245291,67.9589895224015,5.1808189239570615,137.66384030573786,38.96855217803983,167123.51918750402,3086.8915690685863,81.14276531464935,878378.2897653353,702702.6318122683,175675.65795306698,4672.972501551584,3738.378001241267,934.5945003103163,2910.417594763716,1338.7920935913094,1571.6255011724065,15.134171492771323,6.9617188866748085,8.172452606096513,147.0316410619014,73.5158205309507,73.5158205309507,0.9262993386899789,0.46314966934498947,0.46314966934498947,40417.20024539409,22229.46013496675,18187.740110427338,323.3376019631527,177.83568107973403,145.5019208834187,29651.23048416182,14529.102937239291,15122.12754692253,219.41910558279744,107.51536173557075,111.90374384722672,397038.05168091535,285867.39721025905,111170.6544706563,1985.1902584045768,1429.3369860512953,555.8532723532815,27949.02771254098,21520.751338656555,6428.276373884426,142.540041333959,109.75583182714843,32.78420950681057,191.3744464968145,101.42845664331169,89.94598985350281,1.148246678980887,0.6085707398598701,0.5396759391210169
2458,313706.5994729061,3417.366330269332,260.5211801761265,6922.524541088533,1959.5614809528597,8403925.536285916,155226.5474731632,4080.3219129652243,44169879.71391401,35335903.77113121,8833975.942782797,234983.76007802252,187987.00806241806,46996.75201560448,146352.42762240398,67322.11670630584,79030.31091609814,761.0326236365006,350.0750068727904,410.95761676371035,7393.59109339847,3696.795546699235,3696.795546699235,46.57962388841036,23.28981194420518,23.28981194420518,2032407.7837683884,1117824.2810726138,914583.5026957747,16259.262270147108,8942.59424858091,7316.668021566197,1491033.3043464227,730606.3191297471,760426.9852166756,11033.646452163528,5406.486761560128,5627.159690603399,19965342.02738317,14375046.259715883,5590295.767667288,99826.71013691585,71875.23129857941,27951.47883833644,1405436.8221163466,1082186.3530295868,323250.4690867597,7167.727792793368,5519.150400450893,1648.5773923424745,9623.400738125529,5100.40239120653,4522.998346918998,57.74040442875317,30.602414347239183,27.13799008151399
2459,0.0,0.0,0.0,0.0,0.0,0.0,0.0,0.0,0.0,0.0,0.0,0.0,0.0,0.0,0.0,0.0,0.0,0.0,0.0,0.0,0.0,0.0,0.0,0.0,0.0,0.0,0.0,0.0,0.0,0.0,0.0,0.0,0.0,0.0,0.0,0.0,0.0,0.0,0.0,0.0,0.0,0.0,0.0,0.0,0.0,0.0,0.0,0.0,0.0,0.0,0.0,0.0,0.0,0.0,0.0,0.0
2460,30746.811596066076,334.94073407469307,25.534036125216943,678.4860700782795,192.059292877482,823680.2017098411,15213.96559040946,399.9179147650575,4329150.142414866,3463320.1139318934,865830.0284829726,23031.07875764709,18424.863006117674,4606.215751529415,14344.201002764028,6598.332461271453,7745.868541492575,74.58984521437294,34.311328798611555,40.278516415761395,724.6559452336568,362.3279726168284,362.3279726168284,4.5653324549720375,2.2826662274860188,2.2826662274860188,199199.05835229944,109559.4820937647,89639.57625853474,1593.5924668183957,876.4758567501177,717.116610068278,146138.2073862261,71607.72161925079,74530.48576697531,1081.422734658073,529.8971399824559,551.5255946756173,1956830.3975702254,1408917.8862505623,547912.5113196631,9784.151987851126,7044.589431252812,2739.5625565983155,137748.77944038055,106066.56016909302,31682.219271287526,702.5187751459407,540.9394568623744,161.57931828356638,943.2026291628714,499.8973934563219,443.3052357065495,5.659215774977229,2.999384360737931,2.6598314142392967
2461,0.0,0.0,0.0,0.0,0.0,0.0,0.0,0.0,0.0,0.0,0.0,0.0,0.0,0.0,0.0,0.0,0.0,0.0,0.0,0.0,0.0,0.0,0.0,0.0,0.0,0.0,0.0,0.0,0.0,0.0,0.0,0.0,0.0,0.0,0.0,0.0,0.0,0.0,0.0,0.0,0.0,0.0,0.0,0.0,0.0,0.0,0.0,0.0,0.0,0.0,0.0,0.0,0.0,0.0,0.0,0.0
2462,0.0,0.0,0.0,0.0,0.0,0.0,0.0,0.0,0.0,0.0,0.0,0.0,0.0,0.0,0.0,0.0,0.0,0.0,0.0,0.0,0.0,0.0,0.0,0.0,0.0,0.0,0.0,0.0,0.0,0.0,0.0,0.0,0.0,0.0,0.0,0.0,0.0,0.0,0.0,0.0,0.0,0.0,0.0,0.0,0.0,0.0,0.0,0.0,0.0,0.0,0.0,0.0,0.0,0.0,0.0,0.0
2463,311478.5696471042,3393.0952625827604,258.6708877032847,6873.358883836484,1945.6441408892742,8344238.565147522,154124.08619849585,4051.3423539242785,43856173.181854956,35084938.54548397,8771234.636370987,233314.84132746837,186651.8730619747,46662.968265493655,145312.99276713125,66843.97667288038,78469.01609425087,755.6275623890824,347.58867869897796,408.0388836901045,7341.079793019219,3670.5398965096097,3670.5398965096097,46.24880269602109,23.124401348010544,23.124401348010544,2017973.0693950336,1109885.1881672686,908087.881227765,16143.784555160271,8879.081505338148,7264.70304982212,1480443.5791735079,725417.3537950189,755026.225378489,10955.282485883958,5368.08841808314,5587.194067800818,19823542.723211415,14272950.76071222,5550591.962499196,99117.71361605708,71364.75380356109,27752.959812495978,1395455.0265047248,1074500.3704086381,320954.6560960866,7116.820635174096,5479.9518890840545,1636.868746090042,9555.052721519525,5064.177942405348,4490.874779114177,57.33031632911715,30.385067654432092,26.945248674685057
2464,245528.88680336825,2674.67165906023,203.9022305071672,5418.055429175826,1533.6908750071389,6577504.21945105,121491.23246834222,3193.547406312271,34570459.832907125,27656367.866325703,6914091.966581423,183914.84631106592,147131.87704885274,36782.96926221317,114545.72105105767,52691.03168348653,61854.68936757114,595.6377494654998,273.99336475412997,321.6443847113699,5786.745301793405,2893.3726508967025,2893.3726508967025,36.456495401298454,18.228247700649227,18.228247700649227,1590705.5239437246,874888.0381690486,715817.485774676,12725.644191549798,6999.104305352389,5726.539886197408,1166987.7140552257,571823.9798870606,595163.7341681651,8635.70908400867,4231.497451164248,4404.211632844422,15626283.31972745,11250923.990203764,4375359.329523686,78131.41659863725,56254.61995101882,21876.79664761843,1099993.87640072,846995.2848285545,252998.5915721656,5609.968769643672,4319.675952625628,1290.2928170180446,7531.951429981771,3991.934257890339,3540.0171720914323,45.19170857989063,23.951605547342034,21.24010303254859
2465,1525754.8247091342,16620.82715176448,1267.0802854020699,33668.64208620332,9530.594475543454,40873637.83557241,754965.4808922028,19845.202031239955,214826233.1540363,171860986.52322906,42965246.63080725,1142875.5603794733,914300.4483035787,228575.11207589458,711804.988890783,327430.2948897602,384374.69400102284,3701.385942232072,1702.6375334267532,1998.7484088053188,35959.738499710744,17979.869249855372,17979.869249855372,226.54635254817768,113.27317627408884,113.27317627408884,9884892.402873525,5436690.82158044,4448201.581293086,79079.1392229882,43493.52657264352,35585.61265034469,7251843.798412147,3553403.461221952,3698440.337190195,53663.64410824989,26295.185613042442,27368.458495207444,97104163.49681816,69914997.71770906,27189165.77910909,485520.8174840908,349574.9885885453,135945.82889554545,6835533.634838595,5263360.898825718,1572172.736012877,34861.221537676836,26843.140584011162,8018.0809536656725,46804.72177179234,24806.502539049943,21998.219232742398,280.828330630754,148.83901523429967,131.98931539645437
2466,2012802.1446294272,21926.48254804911,1671.554219965289,44416.25476150128,12572.925013443279,53921209.7264254,995963.515534486,26180.133637590796,283402481.0621443,226721984.84971544,56680496.21242884,1507701.1992506078,1206160.9594004862,301540.23985012143,939025.4482534075,431951.70619656745,507073.74205684004,4882.932330917719,2246.148872222151,2636.7834586955682,47438.7087626149,23719.35438130745,23719.35438130745,298.8638652044739,149.43193260223694,149.43193260223694,13040320.964888936,7172176.530688915,5868144.4342000205,104322.5677191115,57377.41224551133,46945.15547360017,9566757.721211353,4687711.283393563,4879046.437817791,70794.00713696402,34689.063497112365,36104.94363985165,128101491.38876389,92233073.79991,35868417.588853896,640507.4569438194,461165.36899954994,179342.08794426947,9017554.155539116,6943516.699765119,2074037.4557739971,45989.5261932495,35411.935168802105,10577.591024447385,61745.59820186508,32725.167046988496,29020.431154876587,370.4735892111905,196.35100228193096,174.1225869292595
2467,100261.34216108505,1092.1980458957382,83.26316127788134,2212.454576342216,626.2803028613544,2685913.701227743,49610.75736003085,1304.080156842579,14116793.942657178,11293435.154125743,2823358.7885314357,75101.34377493619,60081.075019948956,15020.268754987239,46774.568487274,21516.301504146042,25258.26698312796,243.2277561338248,111.88476782155942,131.3429883122654,2363.0085170662724,1181.5042585331362,1181.5042585331362,14.886953657517516,7.443476828758758,7.443476828758758,649562.1468009765,357259.1807405371,292302.96606043936,5196.497174407812,2858.073445924297,2338.423728483515,476537.63278117205,233503.44006277432,243034.19271839774,3526.3784825806733,1727.9254564645298,1798.453026116143,6380968.687728997,4594297.455164878,1786671.2325641196,31904.843438644988,22971.487275824387,8933.356162820599,449180.8025229801,345869.21794269467,103311.58458028542,2290.8220928671985,1763.933011507743,526.8890813594556,3075.6607472702335,1630.100196053224,1445.5605512170096,18.4539644836214,9.780601176319344,8.673363307302058
2468,0.0,0.0,0.0,0.0,0.0,0.0,0.0,0.0,0.0,0.0,0.0,0.0,0.0,0.0,0.0,0.0,0.0,0.0,0.0,0.0,0.0,0.0,0.0,0.0,0.0,0.0,0.0,0.0,0.0,0.0,0.0,0.0,0.0,0.0,0.0,0.0,0.0,0.0,0.0,0.0,0.0,0.0,0.0,0.0,0.0,0.0,0.0,0.0,0.0,0.0,0.0,0.0,0.0,0.0,0.0,0.0
2469,0.0,0.0,0.0,0.0,0.0,0.0,0.0,0.0,0.0,0.0,0.0,0.0,0.0,0.0,0.0,0.0,0.0,0.0,0.0,0.0,0.0,0.0,0.0,0.0,0.0,0.0,0.0,0.0,0.0,0.0,0.0,0.0,0.0,0.0,0.0,0.0,0.0,0.0,0.0,0.0,0.0,0.0,0.0,0.0,0.0,0.0,0.0,0.0,0.0,0.0,0.0,0.0,0.0,0.0,0.0,0.0
2470,0.0,0.0,0.0,0.0,0.0,0.0,0.0,0.0,0.0,0.0,0.0,0.0,0.0,0.0,0.0,0.0,0.0,0.0,0.0,0.0,0.0,0.0,0.0,0.0,0.0,0.0,0.0,0.0,0.0,0.0,0.0,0.0,0.0,0.0,0.0,0.0,0.0,0.0,0.0,0.0,0.0,0.0,0.0,0.0,0.0,0.0,0.0,0.0,0.0,0.0,0.0,0.0,0.0,0.0,0.0,0.0
2471,66395.28880889632,723.2778170598444,55.13871569068587,1465.1365861110676,414.7367338948525,1778671.73992415,32853.3459850871,863.5908594201967,9348454.655359643,7478763.724287714,1869690.9310719287,49733.7787665133,39787.023013210644,9946.755753302661,30975.158687128114,14248.572996078934,16726.58569104918,161.0708251730662,74.09257957961046,86.97824559345572,1564.836751301665,782.4183756508324,782.4183756508324,9.858471533200488,4.929235766600244,4.929235766600244,430154.48832598,236584.96857928904,193569.519746691,3441.2359066078407,1892.6797486343123,1548.5561579735281,315573.81015286513,154631.1669749039,160942.64317796123,2335.2461951312016,1144.270635614289,1190.975559516913,4225619.264318313,3042445.8703091857,1183173.3940091277,21128.09632159157,15212.229351545928,5915.8669700456385,297457.50922632904,229042.28210427336,68415.22712205569,1517.0332970542781,1168.1156387317942,348.917658322484,2036.7708948589543,1079.4885742752458,957.2823205837085,12.220625369153725,6.476931445651474,5.743693923502251
2472,313706.5994729061,3417.366330269332,260.5211801761265,6922.524541088533,1959.5614809528597,8403925.536285916,155226.5474731632,4080.3219129652243,44169879.71391401,35335903.77113121,8833975.942782797,234983.76007802252,187987.00806241806,46996.75201560448,146352.42762240398,67322.11670630584,79030.31091609814,761.0326236365006,350.0750068727904,410.95761676371035,7393.59109339847,3696.795546699235,3696.795546699235,46.57962388841036,23.28981194420518,23.28981194420518,2032407.7837683884,1117824.2810726138,914583.5026957747,16259.262270147108,8942.59424858091,7316.668021566197,1491033.3043464227,730606.3191297471,760426.9852166756,11033.646452163528,5406.486761560128,5627.159690603399,19965342.02738317,14375046.259715883,5590295.767667288,99826.71013691585,71875.23129857941,27951.47883833644,1405436.8221163466,1082186.3530295868,323250.4690867597,7167.727792793368,5519.150400450893,1648.5773923424745,9623.400738125529,5100.40239120653,4522.998346918998,57.74040442875317,30.602414347239183,27.13799008151399
2473,457637.3262197082,4985.277302821881,380.0500739217073,10098.625999570913,2858.621649060493,12259703.871826187,226445.54581667416,5952.401427010349,64435321.68492854,51548257.34794283,12887064.336985707,342795.91136381985,274236.72909105587,68559.18227276397,213499.91927302402,98209.96286559105,115289.95640743297,1110.1995802197248,510.6918069010735,599.5077733186514,10785.821097898051,5392.910548949026,5392.910548949026,67.95067291675772,33.97533645837886,33.97533645837886,2964890.3322871234,1630689.682757918,1334200.6495292054,23719.122658296987,13045.517462063346,10673.605196233642,2175129.5505167274,1065813.4797531965,1109316.070763531,16095.958673823783,7887.019750173654,8208.938923650128,29125577.076878577,20970415.495352574,8155161.581526004,145627.8853843929,104852.07747676288,40775.80790763002,2050260.8186271135,1578700.8303428774,471559.98828423605,10456.330174998278,8051.374234748675,2404.955940249604,14038.682610873464,7440.501783762937,6598.180827110527,84.23209566524078,44.64301070257762,39.589084962663165
2474,4456.0596516037795,48.54213537314392,3.700584945683615,98.33131450409849,27.834680127171307,119373.94227678858,2204.9225493347044,57.9591180818924,627413.0641180967,501930.4512944774,125482.61282361933,3337.8375011082744,2670.2700008866195,667.5675002216549,2078.869710545511,956.2800668509352,1122.589643694576,10.81012249483666,4.972656347624864,5.837466147211796,105.02260075850099,52.51130037925049,52.51130037925049,0.6616423847785562,0.3308211923892781,0.3308211923892781,28869.428746710066,15878.185810690538,12991.242936019527,230.95542997368054,127.02548648552431,103.92994348815623,21179.45034582987,10377.930669456637,10801.519676373235,156.72793255914104,76.7966869539791,79.93124560516193,283598.60834351095,204190.99800732787,79407.61033618308,1417.9930417175547,1020.9549900366394,397.0380516809154,19963.59122324356,15371.96524189754,4591.625981346018,101.81431523854215,78.39702273367746,23.417292504864694,136.69603321201035,72.44889760236549,64.24713560964486,0.8201761992720621,0.4346933856141929,0.38548281365786913
2475,0.0,0.0,0.0,0.0,0.0,0.0,0.0,0.0,0.0,0.0,0.0,0.0,0.0,0.0,0.0,0.0,0.0,0.0,0.0,0.0,0.0,0.0,0.0,0.0,0.0,0.0,0.0,0.0,0.0,0.0,0.0,0.0,0.0,0.0,0.0,0.0,0.0,0.0,0.0,0.0,0.0,0.0,0.0,0.0,0.0,0.0,0.0,0.0,0.0,0.0,0.0,0.0,0.0,0.0,0.0,0.0
2476,0.0,0.0,0.0,0.0,0.0,0.0,0.0,0.0,0.0,0.0,0.0,0.0,0.0,0.0,0.0,0.0,0.0,0.0,0.0,0.0,0.0,0.0,0.0,0.0,0.0,0.0,0.0,0.0,0.0,0.0,0.0,0.0,0.0,0.0,0.0,0.0,0.0,0.0,0.0,0.0,0.0,0.0,0.0,0.0,0.0,0.0,0.0,0.0,0.0,0.0,0.0,0.0,0.0,0.0,0.0,0.0
2477,0.0,0.0,0.0,0.0,0.0,0.0,0.0,0.0,0.0,0.0,0.0,0.0,0.0,0.0,0.0,0.0,0.0,0.0,0.0,0.0,0.0,0.0,0.0,0.0,0.0,0.0,0.0,0.0,0.0,0.0,0.0,0.0,0.0,0.0,0.0,0.0,0.0,0.0,0.0,0.0,0.0,0.0,0.0,0.0,0.0,0.0,0.0,0.0,0.0,0.0,0.0,0.0,0.0,0.0,0.0,0.0
2478,0.0,0.0,0.0,0.0,0.0,0.0,0.0,0.0,0.0,0.0,0.0,0.0,0.0,0.0,0.0,0.0,0.0,0.0,0.0,0.0,0.0,0.0,0.0,0.0,0.0,0.0,0.0,0.0,0.0,0.0,0.0,0.0,0.0,0.0,0.0,0.0,0.0,0.0,0.0,0.0,0.0,0.0,0.0,0.0,0.0,0.0,0.0,0.0,0.0,0.0,0.0,0.0,0.0,0.0,0.0,0.0
2479,0.0,0.0,0.0,0.0,0.0,0.0,0.0,0.0,0.0,0.0,0.0,0.0,0.0,0.0,0.0,0.0,0.0,0.0,0.0,0.0,0.0,0.0,0.0,0.0,0.0,0.0,0.0,0.0,0.0,0.0,0.0,0.0,0.0,0.0,0.0,0.0,0.0,0.0,0.0,0.0,0.0,0.0,0.0,0.0,0.0,0.0,0.0,0.0,0.0,0.0,0.0,0.0,0.0,0.0,0.0,0.0
2480,0.0,0.0,0.0,0.0,0.0,0.0,0.0,0.0,0.0,0.0,0.0,0.0,0.0,0.0,0.0,0.0,0.0,0.0,0.0,0.0,0.0,0.0,0.0,0.0,0.0,0.0,0.0,0.0,0.0,0.0,0.0,0.0,0.0,0.0,0.0,0.0,0.0,0.0,0.0,0.0,0.0,0.0,0.0,0.0,0.0,0.0,0.0,0.0,0.0,0.0,0.0,0.0,0.0,0.0,0.0,0.0
2481,0.0,0.0,0.0,0.0,0.0,0.0,0.0,0.0,0.0,0.0,0.0,0.0,0.0,0.0,0.0,0.0,0.0,0.0,0.0,0.0,0.0,0.0,0.0,0.0,0.0,0.0,0.0,0.0,0.0,0.0,0.0,0.0,0.0,0.0,0.0,0.0,0.0,0.0,0.0,0.0,0.0,0.0,0.0,0.0,0.0,0.0,0.0,0.0,0.0,0.0,0.0,0.0,0.0,0.0,0.0,0.0
2482,0.0,0.0,0.0,0.0,0.0,0.0,0.0,0.0,0.0,0.0,0.0,0.0,0.0,0.0,0.0,0.0,0.0,0.0,0.0,0.0,0.0,0.0,0.0,0.0,0.0,0.0,0.0,0.0,0.0,0.0,0.0,0.0,0.0,0.0,0.0,0.0,0.0,0.0,0.0,0.0,0.0,0.0,0.0,0.0,0.0,0.0,0.0,0.0,0.0,0.0,0.0,0.0,0.0,0.0,0.0,0.0
2483,0.0,0.0,0.0,0.0,0.0,0.0,0.0,0.0,0.0,0.0,0.0,0.0,0.0,0.0,0.0,0.0,0.0,0.0,0.0,0.0,0.0,0.0,0.0,0.0,0.0,0.0,0.0,0.0,0.0,0.0,0.0,0.0,0.0,0.0,0.0,0.0,0.0,0.0,0.0,0.0,0.0,0.0,0.0,0.0,0.0,0.0,0.0,0.0,0.0,0.0,0.0,0.0,0.0,0.0,0.0,0.0
2484,0.0,0.0,0.0,0.0,0.0,0.0,0.0,0.0,0.0,0.0,0.0,0.0,0.0,0.0,0.0,0.0,0.0,0.0,0.0,0.0,0.0,0.0,0.0,0.0,0.0,0.0,0.0,0.0,0.0,0.0,0.0,0.0,0.0,0.0,0.0,0.0,0.0,0.0,0.0,0.0,0.0,0.0,0.0,0.0,0.0,0.0,0.0,0.0,0.0,0.0,0.0,0.0,0.0,0.0,0.0,0.0
2485,0.0,0.0,0.0,0.0,0.0,0.0,0.0,0.0,0.0,0.0,0.0,0.0,0.0,0.0,0.0,0.0,0.0,0.0,0.0,0.0,0.0,0.0,0.0,0.0,0.0,0.0,0.0,0.0,0.0,0.0,0.0,0.0,0.0,0.0,0.0,0.0,0.0,0.0,0.0,0.0,0.0,0.0,0.0,0.0,0.0,0.0,0.0,0.0,0.0,0.0,0.0,0.0,0.0,0.0,0.0,0.0
2486,0.0,0.0,0.0,0.0,0.0,0.0,0.0,0.0,0.0,0.0,0.0,0.0,0.0,0.0,0.0,0.0,0.0,0.0,0.0,0.0,0.0,0.0,0.0,0.0,0.0,0.0,0.0,0.0,0.0,0.0,0.0,0.0,0.0,0.0,0.0,0.0,0.0,0.0,0.0,0.0,0.0,0.0,0.0,0.0,0.0,0.0,0.0,0.0,0.0,0.0,0.0,0.0,0.0,0.0,0.0,0.0
2487,0.0,0.0,0.0,0.0,0.0,0.0,0.0,0.0,0.0,0.0,0.0,0.0,0.0,0.0,0.0,0.0,0.0,0.0,0.0,0.0,0.0,0.0,0.0,0.0,0.0,0.0,0.0,0.0,0.0,0.0,0.0,0.0,0.0,0.0,0.0,0.0,0.0,0.0,0.0,0.0,0.0,0.0,0.0,0.0,0.0,0.0,0.0,0.0,0.0,0.0,0.0,0.0,0.0,0.0,0.0,0.0
2488,0.0,0.0,0.0,0.0,0.0,0.0,0.0,0.0,0.0,0.0,0.0,0.0,0.0,0.0,0.0,0.0,0.0,0.0,0.0,0.0,0.0,0.0,0.0,0.0,0.0,0.0,0.0,0.0,0.0,0.0,0.0,0.0,0.0,0.0,0.0,0.0,0.0,0.0,0.0,0.0,0.0,0.0,0.0,0.0,0.0,0.0,0.0,0.0,0.0,0.0,0.0,0.0,0.0,0.0,0.0,0.0
2489,0.0,0.0,0.0,0.0,0.0,0.0,0.0,0.0,0.0,0.0,0.0,0.0,0.0,0.0,0.0,0.0,0.0,0.0,0.0,0.0,0.0,0.0,0.0,0.0,0.0,0.0,0.0,0.0,0.0,0.0,0.0,0.0,0.0,0.0,0.0,0.0,0.0,0.0,0.0,0.0,0.0,0.0,0.0,0.0,0.0,0.0,0.0,0.0,0.0,0.0,0.0,0.0,0.0,0.0,0.0,0.0
2490,0.0,0.0,0.0,0.0,0.0,0.0,0.0,0.0,0.0,0.0,0.0,0.0,0.0,0.0,0.0,0.0,0.0,0.0,0.0,0.0,0.0,0.0,0.0,0.0,0.0,0.0,0.0,0.0,0.0,0.0,0.0,0.0,0.0,0.0,0.0,0.0,0.0,0.0,0.0,0.0,0.0,0.0,0.0,0.0,0.0,0.0,0.0,0.0,0.0,0.0,0.0,0.0,0.0,0.0,0.0,0.0
2491,0.0,0.0,0.0,0.0,0.0,0.0,0.0,0.0,0.0,0.0,0.0,0.0,0.0,0.0,0.0,0.0,0.0,0.0,0.0,0.0,0.0,0.0,0.0,0.0,0.0,0.0,0.0,0.0,0.0,0.0,0.0,0.0,0.0,0.0,0.0,0.0,0.0,0.0,0.0,0.0,0.0,0.0,0.0,0.0,0.0,0.0,0.0,0.0,0.0,0.0,0.0,0.0,0.0,0.0,0.0,0.0
2492,0.0,0.0,0.0,0.0,0.0,0.0,0.0,0.0,0.0,0.0,0.0,0.0,0.0,0.0,0.0,0.0,0.0,0.0,0.0,0.0,0.0,0.0,0.0,0.0,0.0,0.0,0.0,0.0,0.0,0.0,0.0,0.0,0.0,0.0,0.0,0.0,0.0,0.0,0.0,0.0,0.0,0.0,0.0,0.0,0.0,0.0,0.0,0.0,0.0,0.0,0.0,0.0,0.0,0.0,0.0,0.0
2493,0.0,0.0,0.0,0.0,0.0,0.0,0.0,0.0,0.0,0.0,0.0,0.0,0.0,0.0,0.0,0.0,0.0,0.0,0.0,0.0,0.0,0.0,0.0,0.0,0.0,0.0,0.0,0.0,0.0,0.0,0.0,0.0,0.0,0.0,0.0,0.0,0.0,0.0,0.0,0.0,0.0,0.0,0.0,0.0,0.0,0.0,0.0,0.0,0.0,0.0,0.0,0.0,0.0,0.0,0.0,0.0
2494,112292.70322041526,1223.261811403227,93.25474063122711,2477.949125503282,701.4339392047169,3008223.3453750727,55564.04824323456,1460.5697756636885,15810809.21577604,12648647.372620832,3162161.843155207,84113.50502792854,67290.80402234284,16822.701005585703,52387.51670574689,24098.257684643573,28289.25902110332,272.41508686988385,125.31093996014658,147.10414690973727,2646.5695391142253,1323.2847695571127,1323.2847695571127,16.673388096419618,8.336694048209809,8.336694048209809,727509.6044170938,400130.28242940165,327379.32198769215,5820.07683533675,3201.0422594352135,2619.034575901537,533722.1487149128,261523.85287030725,272198.29584460554,3949.5439004903546,1935.2765112402735,2014.2673892500811,7146684.930256477,5145613.149784663,2001071.7804718139,35733.42465128238,25728.065748923313,10005.358902359068,503082.49882573774,387373.52409581805,115708.97472991969,2565.7207440112625,1975.6049728886721,590.1157711225904,3444.7400369426614,1825.7122195796105,1619.0278173630509,20.66844022165597,10.954273317477663,9.714166904178306
2495,0.0,0.0,0.0,0.0,0.0,0.0,0.0,0.0,0.0,0.0,0.0,0.0,0.0,0.0,0.0,0.0,0.0,0.0,0.0,0.0,0.0,0.0,0.0,0.0,0.0,0.0,0.0,0.0,0.0,0.0,0.0,0.0,0.0,0.0,0.0,0.0,0.0,0.0,0.0,0.0,0.0,0.0,0.0,0.0,0.0,0.0,0.0,0.0,0.0,0.0,0.0,0.0,0.0,0.0,0.0,0.0
2496,0.0,0.0,0.0,0.0,0.0,0.0,0.0,0.0,0.0,0.0,0.0,0.0,0.0,0.0,0.0,0.0,0.0,0.0,0.0,0.0,0.0,0.0,0.0,0.0,0.0,0.0,0.0,0.0,0.0,0.0,0.0,0.0,0.0,0.0,0.0,0.0,0.0,0.0,0.0,0.0,0.0,0.0,0.0,0.0,0.0,0.0,0.0,0.0,0.0,0.0,0.0,0.0,0.0,0.0,0.0,0.0
2497,0.0,0.0,0.0,0.0,0.0,0.0,0.0,0.0,0.0,0.0,0.0,0.0,0.0,0.0,0.0,0.0,0.0,0.0,0.0,0.0,0.0,0.0,0.0,0.0,0.0,0.0,0.0,0.0,0.0,0.0,0.0,0.0,0.0,0.0,0.0,0.0,0.0,0.0,0.0,0.0,0.0,0.0,0.0,0.0,0.0,0.0,0.0,0.0,0.0,0.0,0.0,0.0,0.0,0.0,0.0,0.0
2498,0.0,0.0,0.0,0.0,0.0,0.0,0.0,0.0,0.0,0.0,0.0,0.0,0.0,0.0,0.0,0.0,0.0,0.0,0.0,0.0,0.0,0.0,0.0,0.0,0.0,0.0,0.0,0.0,0.0,0.0,0.0,0.0,0.0,0.0,0.0,0.0,0.0,0.0,0.0,0.0,0.0,0.0,0.0,0.0,0.0,0.0,0.0,0.0,0.0,0.0,0.0,0.0,0.0,0.0,0.0,0.0
2499,0.0,0.0,0.0,0.0,0.0,0.0,0.0,0.0,0.0,0.0,0.0,0.0,0.0,0.0,0.0,0.0,0.0,0.0,0.0,0.0,0.0,0.0,0.0,0.0,0.0,0.0,0.0,0.0,0.0,0.0,0.0,0.0,0.0,0.0,0.0,0.0,0.0,0.0,0.0,0.0,0.0,0.0,0.0,0.0,0.0,0.0,0.0,0.0,0.0,0.0,0.0,0.0,0.0,0.0,0.0,0.0
